{
  "@context": [
    "https://www.w3.org/ns/credentials/v2"
  ],
  "id": "urn:uuid:070b8565-2435-4bda-ab7c-95a3220d0f39",
  "type": "VerifiableCredential",
  "name": null,
  "description": null,
  "issuer": "did:volt:bed919ab-6081-40e7-9677-88d1cd37a0c0",
  "validFrom": "2024-12-18T17:22:33+00:00",
  "validUntil": null,
  "credentialStatus": null,
  "credentialSchema": {
    "id": "https://github.com/nqminds/ClaimCascade/tree/main/packages/schemas/src/schema.json",
    "type": "JsonSchema"
  },
  "credentialSubject": {
    "$id": "https://github.com/nqminds/Trusted-AI-BOM/blob/main/packages/schemas/src/taibom-schemas/10-data.v1.0.0.schema.yaml",
    "$schema": "https://json-schema.org/draft/2019-09/schema",
    "anyOf": [
      {
        "required": [
          "hash"
        ]
      },
      {
        "required": [
          "hashLocation"
        ]
      }
    ],
    "context": "## Introduction\n\nThe **TAIBOM Data Schema** is a JSON schema designed to describe and standardise the metadata associated with datasets within the Trusted AI BOM (TAIBOM) ecosystem. This schema ensures datasets can be identified, located, and verified for integrity, enabling seamless and trustworthy AI operations.\n\n### Description\nThis schema captures essential metadata for datasets, including:\n- **Name**: A unique identifier for the dataset.\n- **Label**: Categorisation of the dataset (e.g., Training or Weights).\n- **Location**: Specifies where the dataset is stored, either locally or remotely, along with the respective path or URL.\n- **Hash**: A cryptographic hash (e.g., SHA256) for verifying the integrity of the dataset.\n- **Hash Location**: The location (local or remote) where the hash is stored.\n- **Last Accessed**: The timestamp of the last access to the dataset metadata.\n\n## Use Case\n\nThe **TAIBOM Data Schema** is primarily used within the TAIBOM framework to:\n1. **Enable Dataset Traceability**: Provide a clear and standardised format for referencing datasets and their locations.\n2. **Ensure Data Integrity**: Support integrity verification through cryptographic hashes and their associated storage locations.\n3. **Streamline Operations**: Offer metadata for efficient handling of datasets in AI workflows, whether stored locally or remotely.\n\nBy adopting this schema, organisations can standardise how datasets are documented, retrieved, and verified, ensuring robust data handling in AI systems.\n\n---\n",
    "description": "This schema describes the metadata of a dataset, including the location where it is hosted  (either locally or remotely) and where to resolve the hash for verifying data integrity.\n",
    "properties": {
      "hash": {
        "description": "The cryptographic hash (e.g., SHA256) of the dataset used for data integrity verification.",
        "type": "string"
      },
      "hashLocation": {
        "description": "The location where the hash is stored, can be either local or a remote URL.",
        "type": "string"
      },
      "label": {
        "description": "Label of data",
        "enum": [
          "Training",
          "Weights"
        ],
        "type": "string"
      },
      "lastAccessed": {
        "description": "The timestamp when the dataset metadata was accessed.",
        "format": "date-time",
        "type": "string"
      },
      "location": {
        "description": "Details about where the dataset is stored, whether on a local filesystem or a remote URL.",
        "properties": {
          "path": {
            "description": "The path or URL to the dataset location.",
            "type": "string"
          },
          "type": {
            "description": "Indicates whether the dataset is stored locally or remotely.",
            "enum": [
              "local",
              "remote"
            ],
            "type": "string"
          }
        },
        "required": [
          "type",
          "path"
        ],
        "type": "object"
      },
      "name": {
        "description": "The name of the dataset.",
        "type": "string"
      }
    },
    "required": [
      "name",
      "location",
      "lastAccessed",
      "label"
    ],
    "title": "TAIBOM Data",
    "type": "object"
  }
}