{
  "@context": [
    "https://www.w3.org/ns/credentials/v2"
  ],
  "id": "urn:uuid:3a02992b-7a5b-4184-ba1e-358850e5344c",
  "type": "VerifiableCredential",
  "name": null,
  "description": null,
  "issuer": "urn:uuid:57338930-b10c-43b6-8106-6c00cce3600d",
  "validFrom": "2024-12-18T17:22:33+00:00",
  "validUntil": null,
  "credentialStatus": null,
  "credentialSchema": {
    "id": "https://github.com/nqminds/Trusted-AI-BOM/blob/main/packages/schemas/src/taibom-schemas/50-ai-system.v1.0.0.schema.yaml",
    "type": "JsonSchema"
  },
  "credentialSubject": {
    "code": {
      "hash": "7zNXfFhWweBfjX3IgAOGw/IhSHZQ09M5LwkUjpjaE91nI4tg8xO4sbQnAPC8PMpMsETSZSOoXplZHTzMXlPGDw==",
      "id": "urn:uuid:2c32a297-5c63-4e17-bfca-8e764b6c2c1c"
    },
    "data": {
      "hash": "ugcM8ep1oTgDuosEAIl8WPsKlzfFbjUjZ8WkuQP/uj2MhD2EjWqU0Lbvu3D0UoJwQE/3D53XsmNP9ef/03GxDg==",
      "id": "urn:uuid:0f73da00-7672-420c-ac22-fc4c2bf6c790"
    },
    "label": "Inferencing",
    "name": "Inference Test with GUI Interface.py"
  }
}