{
  "@context": [
    "https://www.w3.org/ns/credentials/v2"
  ],
  "id": "urn:uuid:cb7d02f7-c7cb-46d0-868b-f9bfedaa8a2e",
  "type": "VerifiableCredential",
  "name": null,
  "description": null,
  "issuer": "urn:uuid:57338930-b10c-43b6-8106-6c00cce3600d",
  "validFrom": "2024-12-18T17:22:33+00:00",
  "validUntil": null,
  "credentialStatus": null,
  "credentialSchema": {
    "id": "https://github.com/nqminds/Trusted-AI-BOM/blob/main/packages/schemas/src/taibom-schemas/50-ai-system.v1.0.0.schema.yaml",
    "type": "JsonSchema"
  },
  "credentialSubject": {
    "code": {
      "hash": "bHgA2l4TJ4Sub5UFEyNi8q/1oLB1pDJXy9aEC3Zu5xTiP0fMDGAeVfrjZO2GhILMvcIiHSoLObjNX6p86P8gBw==",
      "id": "urn:uuid:516139b8-2b17-42b0-bfad-af21bd139b8f"
    },
    "data": {
      "hash": "JC3msW2uca+lLWmgf5IWe295clU3ZKwR0s0sxXY5+qr41MkavOCxRvvaSc3ciJU3qtHJlpKT6cIqKvR6aNe5CQ==",
      "id": "urn:uuid:e7331e94-faac-457d-b842-322e064a42c6"
    },
    "label": "Training",
    "name": "training"
  }
}