{
  "@context": [
    "https://www.w3.org/ns/credentials/v2"
  ],
  "id": "urn:uuid:9605a804-9b37-4cf2-b522-b15bd51a57c7",
  "type": "VerifiableCredential",
  "name": null,
  "description": null,
  "issuer": "did:volt:bed919ab-6081-40e7-9677-88d1cd37a0c0",
  "validFrom": "2024-12-18T17:22:33+00:00",
  "validUntil": null,
  "credentialStatus": null,
  "credentialSchema": {
    "id": "https://github.com/nqminds/ClaimCascade/tree/main/packages/schemas/src/schema.json",
    "type": "JsonSchema"
  },
  "credentialSubject": {
    "$id": "https://github.com/nqminds/Trusted-AI-BOM/blob/main/packages/schemas/src/taibom-schemas/30-sbom.v1.0.0.schema.yaml",
    "$schema": "https://json-schema.org/draft/2019-09/schema",
    "context": "## Introduction\n\nThe **SBOM Schema** (Software Bill of Materials) is a JSON schema designed to describe and standardise the components, tools, and metadata associated with a software project within the Trusted AI BOM (TAIBOM) ecosystem. This schema provides a comprehensive overview of a project's dependencies, tools used, and key details for ensuring traceability and security.\n\n### Description\nThis schema captures essential metadata for an SBOM, including:\n- **BOM Format**: The format of the SBOM (e.g., CycloneDX).\n- **Specification Version**: The version of the SBOM specification used.\n- **Serial Number**: A unique identifier for the SBOM instance.\n- **Version**: The version number of the SBOM itself.\n- **Metadata**: Details about the SBOM generation process, including timestamps, tools, and component information.\n- **Components**: A detailed list of all components in the SBOM, including their type, name, version, and identifiers (e.g., CPE, PURL).\n\n## Use Case\n\nThe **SBOM Schema** is primarily used within the TAIBOM framework to:\n1. **Document Software Components**: Provide a standardised record of all dependencies and components used in a software project.\n2. **Enhance Security**: Facilitate vulnerability management by offering detailed metadata, including CPEs and PURLs for components.\n3. **Support Software Lifecycle Management**: Enable effective tracking of tools and processes involved in the software's creation and maintenance.\n\nBy adopting this schema, organisations can create detailed and reliable SBOMs, ensuring transparency, traceability, and security throughout the software development lifecycle.\n\n---\n",
    "description": "A software bill of materials (SBOM) generated for the project.",
    "properties": {
      "bomFormat": {
        "description": "Format of the SBOM.",
        "type": "string"
      },
      "components": {
        "description": "List of components in the SBOM.",
        "items": {
          "properties": {
            "bom-ref": {
              "description": "Unique reference for the component.",
              "type": "string"
            },
            "cpe": {
              "description": "Common Platform Enumeration (CPE) for the component.",
              "type": "string"
            },
            "name": {
              "description": "Name of the component.",
              "type": "string"
            },
            "properties": {
              "description": "Additional metadata for the component.",
              "items": {
                "properties": {
                  "name": {
                    "description": "Property name.",
                    "type": "string"
                  },
                  "value": {
                    "description": "Property value.",
                    "type": "string"
                  }
                },
                "type": "object"
              },
              "type": "array"
            },
            "purl": {
              "description": "Package URL (PURL) for the component.",
              "type": "string"
            },
            "type": {
              "description": "Type of the component (e.g., library).",
              "type": "string"
            },
            "version": {
              "description": "Version of the component.",
              "type": "string"
            }
          },
          "type": "object"
        },
        "type": "array"
      },
      "metadata": {
        "description": "Metadata related to the SBOM generation.",
        "properties": {
          "component": {
            "description": "Component information of the project.",
            "properties": {
              "bom-ref": {
                "description": "Unique reference for the component.",
                "type": "string"
              },
              "name": {
                "description": "Name of the component.",
                "type": "string"
              },
              "type": {
                "description": "Type of the component (e.g., file, library).",
                "type": "string"
              }
            },
            "type": "object"
          },
          "timestamp": {
            "description": "Timestamp when the SBOM was generated.",
            "format": "date-time",
            "type": "string"
          },
          "tools": {
            "description": "Tools used to generate the SBOM.",
            "properties": {
              "components": {
                "description": "List of tools and their metadata.",
                "items": {
                  "properties": {
                    "author": {
                      "description": "Author of the tool.",
                      "type": "string"
                    },
                    "name": {
                      "description": "Name of the tool.",
                      "type": "string"
                    },
                    "type": {
                      "description": "Type of tool (e.g., application).",
                      "type": "string"
                    },
                    "version": {
                      "description": "Version of the tool.",
                      "type": "string"
                    }
                  },
                  "type": "object"
                },
                "type": "array"
              }
            },
            "type": "object"
          }
        },
        "type": "object"
      },
      "serialNumber": {
        "description": "Unique serial number for the SBOM.",
        "type": "string"
      },
      "specVersion": {
        "description": "Version of the SBOM specification.",
        "type": "string"
      },
      "version": {
        "description": "Version number of the SBOM.",
        "type": "integer"
      }
    },
    "required": [
      "bomFormat",
      "specVersion",
      "serialNumber",
      "version",
      "metadata",
      "components"
    ],
    "title": "SBOM",
    "type": "object"
  }
}