{
  "@context": [
    "https://www.w3.org/ns/credentials/v2"
  ],
  "id": "urn:uuid:0f73da00-7672-420c-ac22-fc4c2bf6c790",
  "type": "VerifiableCredential",
  "name": null,
  "description": null,
  "issuer": "urn:uuid:57338930-b10c-43b6-8106-6c00cce3600d",
  "validFrom": "2024-12-18T17:22:33+00:00",
  "validUntil": null,
  "credentialStatus": null,
  "credentialSchema": {
    "id": "https://github.com/nqminds/Trusted-AI-BOM/blob/main/packages/schemas/src/taibom-schemas/25-config.v1.0.1.schema.yaml",
    "type": "JsonSchema"
  },
  "credentialSubject": {
    "aiSystem": {
      "hash": "PlQf2Z1rj6qs8kk9/33uXIuzN3qTd0WXE2qYd05Uz7PlhsB//QhMSxwuIPM0knEAi5XCUXfUbWvVA68L7bvDBw==",
      "id": "urn:uuid:cb7d02f7-c7cb-46d0-868b-f9bfedaa8a2e"
    },
    "data": {
      "hash": "zCY9hQZhir6DAzme6G6znhU1U3XOh1HPEScxUrFalKbH6fRe2XKOn2S+EfylXLiigakda7yW3ZBYkg2ckUQRAQ==",
      "id": "urn:uuid:9dc8a381-9a7d-4a2f-aa68-5a804e7a5d01"
    },
    "name": "traffic_sign_classifier"
  }
}