{
  "@context": [
    "https://www.w3.org/ns/credentials/v2"
  ],
  "id": "urn:uuid:9dc8a381-9a7d-4a2f-aa68-5a804e7a5d01",
  "type": "VerifiableCredential",
  "name": null,
  "description": null,
  "issuer": "urn:uuid:57338930-b10c-43b6-8106-6c00cce3600d",
  "validFrom": "2024-12-18T17:22:33+00:00",
  "validUntil": null,
  "credentialStatus": null,
  "credentialSchema": {
    "id": "https://github.com/nqminds/Trusted-AI-BOM/blob/main/packages/schemas/src/taibom-schemas/10-data.v1.0.0.schema.yaml",
    "type": "JsonSchema"
  },
  "credentialSubject": {
    "hash": "8024d0b6f45b7547e1aae4511887520594c6038bf7d89bc44f154f2002a75b04",
    "label": "Weights",
    "lastAccessed": "2024-12-16T13:32:43.303Z",
    "location": {
      "path": "file://../training/traffic_sign_classifier.keras",
      "type": "local"
    },
    "name": "traffic_sign_classifier"
  }
}