{
  "@context": [
    "https://www.w3.org/ns/credentials/v2"
  ],
  "id": "urn:uuid:dddce76c-a0a0-448b-a849-0a9b1999601b",
  "type": "VerifiableCredential",
  "name": null,
  "description": null,
  "issuer": "urn:uuid:57338930-b10c-43b6-8106-6c00cce3600d",
  "validFrom": "2024-12-18T17:22:33+00:00",
  "validUntil": null,
  "credentialStatus": null,
  "credentialSchema": {
    "id": "https://github.com/nqminds/Trusted-AI-BOM/blob/main/packages/schemas/src/taibom-schemas/10-data.v1.0.0.schema.yaml",
    "type": "JsonSchema"
  },
  "credentialSubject": {
    "hash": "a335083401e68ae86ef8c7382d6bb82ee143eb9b239b6994299e596cb2543539",
    "label": "Training",
    "lastAccessed": "2024-12-16T13:26:35.835Z",
    "location": {
      "path": "file://../images/50mph/",
      "type": "local"
    },
    "name": "50mph"
  }
}