{
  "@context": [
    "https://www.w3.org/ns/credentials/v2"
  ],
  "id": "urn:uuid:7b88099f-f6f6-4dc4-b0e0-d201b89b5e74",
  "type": "VerifiableCredential",
  "name": null,
  "description": null,
  "issuer": "urn:uuid:57338930-b10c-43b6-8106-6c00cce3600d",
  "validFrom": "2024-12-18T17:22:33+00:00",
  "validUntil": null,
  "credentialStatus": null,
  "credentialSchema": {
    "id": "https://github.com/nqminds/Trusted-AI-BOM/blob/main/packages/schemas/src/taibom-schemas/10-data.v1.0.0.schema.yaml",
    "type": "JsonSchema"
  },
  "credentialSubject": {
    "hash": "2fe24dae2b47899e5b33922702b3eb30e8c217d61b64128b7094f6485a1cce3d",
    "label": "Training",
    "lastAccessed": "2024-12-16T13:26:32.860Z",
    "location": {
      "path": "file://../images/40mph/",
      "type": "local"
    },
    "name": "40mph"
  }
}