{
  "@context": [
    "https://www.w3.org/ns/credentials/v2"
  ],
  "id": "urn:uuid:5f6dc5e9-002e-4ec9-80c4-cae7e1940c6c",
  "type": "VerifiableCredential",
  "name": null,
  "description": null,
  "issuer": "urn:uuid:57338930-b10c-43b6-8106-6c00cce3600d",
  "validFrom": "2024-12-18T17:22:33+00:00",
  "validUntil": null,
  "credentialStatus": null,
  "credentialSchema": {
    "id": "https://github.com/nqminds/Trusted-AI-BOM/blob/main/packages/schemas/src/taibom-schemas/10-data.v1.0.0.schema.yaml",
    "type": "JsonSchema"
  },
  "credentialSubject": {
    "hash": "9cb2cfd169166958a6f036eeb554fc72c4df43417b4d7a84e2a06a80eb4e0f97",
    "label": "Training",
    "lastAccessed": "2024-12-16T13:26:40.966Z",
    "location": {
      "path": "file://../images/National Speed Limit/",
      "type": "local"
    },
    "name": "National Speed Limit"
  }
}