{
  "@context": [
    "https://www.w3.org/ns/credentials/v2"
  ],
  "id": "urn:uuid:fffbb8e2-87d0-4e6b-9dd6-d6056ea7d358",
  "type": "VerifiableCredential",
  "name": null,
  "description": null,
  "issuer": "did:volt:bed919ab-6081-40e7-9677-88d1cd37a0c0",
  "validFrom": "2024-12-18T17:22:33+00:00",
  "validUntil": null,
  "credentialStatus": null,
  "credentialSchema": {
    "id": "https://github.com/nqminds/ClaimCascade/tree/main/packages/schemas/src/schema.json",
    "type": "JsonSchema"
  },
  "credentialSubject": {
    "$id": "https://github.com/nqminds/Trusted-AI-BOM/blob/main/packages/schemas/src/taibom-schemas/25-config.v1.0.1.schema.yaml",
    "$schema": "https://json-schema.org/draft/2019-09/schema",
    "context": "## Introduction\n\nThe **Trained System Configs Schema** is a JSON schema designed to define AI system configurations within the Trusted AI BOM (TAIBOM) ecosystem. These configurations are used to describe systems involved in training AI models or inferencing processes, ensuring clear traceability and alignment with associated datasets and systems.\n\n### Description\nThis schema captures essential metadata for trained system configurations, including:\n- **Name**: A unique identifier for the system configuration.\n- **AI System**: An object containing:\n  - The unique ID of the AI system VC (Verifiable Credential).\n  - A cryptographic hash (`hash`) to ensure the integrity of the referenced AI system VC.\n- **Data**: An object containing:\n  - The unique ID of the weights produced or used by the system.\n  - A cryptographic hash (`hash`) to ensure the integrity of the referenced data weights.\n\n## Use Case\n\nThe **Trained System Configs Schema** is primarily used within the TAIBOM framework to:\n1. **Document AI Systems**: Provide a standardised format for identifying and describing AI systems involved in training or inferencing.\n2. **Ensure Traceability**: Link AI systems to specific datasets and outputs (e.g., weights) for robust provenance tracking.\n3. **Verify Data Integrity**: Ensure the integrity of referenced AI systems and datasets through cryptographic hashes.\n4. **Support AI Lifecycle Management**: Enable seamless integration of system configurations into workflows for monitoring and validation.\n\nBy adopting this schema, organisations can maintain clear and consistent documentation of their AI system configurations, supporting transparency, integrity, and accountability in AI development and deployment.\n\n---\n",
    "description": "This schema defines an AI system which may be used for Training AI models or an inferencing system, \nwith added cryptographic hashes for integrity verification.\n",
    "properties": {
      "aiSystem": {
        "properties": {
          "hash": {
            "description": "Cryptographic hash (e.g., SHA-256) of the AI system VC for verification",
            "type": "string"
          },
          "id": {
            "description": "ID of the AI system VC",
            "type": "string"
          }
        },
        "required": [
          "id",
          "hash"
        ],
        "type": "object"
      },
      "data": {
        "properties": {
          "hash": {
            "description": "Cryptographic hash (e.g., SHA-256) of the data weights for verification",
            "type": "string"
          },
          "id": {
            "description": "ID of the weights which have been produced",
            "type": "string"
          }
        },
        "required": [
          "id",
          "hash"
        ],
        "type": "object"
      },
      "name": {
        "description": "Name of the system config.",
        "type": "string"
      }
    },
    "required": [
      "name",
      "aiSystem",
      "data"
    ],
    "title": "Trained System Configs",
    "type": "object"
  }
}