{
  "scenarios": [
    {
      "name": "ETS2SignDetection Release 4",
      "queries": [
        {
          "name": "Get all taibom data statements",
          "query": "db:get_all_taibom_data( _, _, _, _, _, _, _, MatchingData)"
        },
        {
          "name": "Get all training data",
          "query": "db:get_all_taibom_data(_, _, _, \"Training\", _, _, _, MatchingData)"
        },
        {
          "name": "Get all weights data",
          "query": "db:get_all_taibom_data(_, _, _, \"Weights\", _, _, _, MatchingData)"
        },
        {
          "name": "Get all datapacks containing data with id \"urn:uuid:447d1ddd-edf2-4ac8-b0c2-0a14a86541ad\"",
          "query": "db:get_taibom_data(\"urn:uuid:447d1ddd-edf2-4ac8-b0c2-0a14a86541ad\", _, _, _, _, _, _),  db:get_taibom_datapack(VcId, _Datasets, DatasetName), member(dataset(_, \"urn:uuid:447d1ddd-edf2-4ac8-b0c2-0a14a86541ad\"), _Datasets)"
        },
        {
          "name": "Get all ai systems which rely on data with id \"urn:uuid:447d1ddd-edf2-4ac8-b0c2-0a14a86541ad\"",
          "query": "db:get_taibom_data(\"urn:uuid:447d1ddd-edf2-4ac8-b0c2-0a14a86541ad\", _, _, _, _, _, _), db:get_taibom_datapack(_DatapackVcId_, _Datasets, _), member(dataset(_, \"urn:uuid:447d1ddd-edf2-4ac8-b0c2-0a14a86541ad\"), _Datasets), get_ai_system(_, _, data(_, _DatapackVcId), Label, Name)"
        },
        {
          "name": "Use rule to get all ai systems which rely on data with id \"urn:uuid:447d1ddd-edf2-4ac8-b0c2-0a14a86541ad\"",
          "query": "db:ai_systems_containing_data(\"urn:uuid:447d1ddd-edf2-4ac8-b0c2-0a14a86541ad\", AISystemName)"
        }
      ],
      "policy_packs": [
        {
          "path": "group_membership/pack1",
          "signing_key": "keys/admin.priv"
        },
        {
          "path": "identity_bindings/pack1",
          "signing_key": "keys/admin.priv"
        }
      ],
      "inference_packs": [
        {
          "path": "ai_system/ETS2SignDetection-release-4-pack",
          "signing_key": "keys/admin.priv"
        },
        {
          "path": "code/ETS2SignDetection-release-4-pack",
          "signing_key": "keys/admin.priv"
        },
        {
          "path": "config/ETS2SignDetection-release-4-pack",
          "signing_key": "keys/admin.priv"
        },
        {
          "path": "data/ETS2SignDetection-release-4-pack",
          "signing_key": "keys/admin.priv"
        },
        {
          "path": "datapack/ETS2SignDetection-release-4-pack",
          "signing_key": "keys/admin.priv"
        },
        {
          "path": "identity/ETS2SignDetection-release-4-pack",
          "signing_key": "keys/admin.priv"
        }
      ],
      "inference_rules": [
      ]
    },
    {
      "reset": false,
      "name": "Tonys",
      "queries": [
        {
          "name": "Which Datapacks contain data with id: \"urn:uuid:447d1ddd-edf2-4ac8-b0c2-0a14a86541ad\"",
          "query": "db:datapack_containing_data_id(\"urn:uuid:447d1ddd-edf2-4ac8-b0c2-0a14a86541ad\")"
        },
        {
          "name": "Which training sytems contain datapack with id: \"urn:uuid:e7331e94-faac-457d-b842-322e064a42c6\"",
          "query": "db:datapack_containing_data_id(\"urn:uuid:e7331e94-faac-457d-b842-322e064a42c6\")"
        }
      ],
      "policy_packs": [
      ],
      "inference_packs": [
        
      ],
      "inference_rules": [
        {
          "path": "tonys-rules",
          "signing_key": "keys/admin.priv"
        }
      ]
    }
  ]
}