{
  "@context": [
    "https://www.w3.org/ns/credentials/v2"
  ],
  "id": "urn:uuid:2c32a297-5c63-4e17-bfca-8e764b6c2c1c",
  "type": "VerifiableCredential",
  "name": null,
  "description": null,
  "issuer": "urn:uuid:57338930-b10c-43b6-8106-6c00cce3600d",
  "validFrom": "2024-12-18T17:22:33+00:00",
  "validUntil": null,
  "credentialStatus": null,
  "credentialSchema": {
    "id": "https://github.com/nqminds/Trusted-AI-BOM/blob/main/packages/schemas/src/taibom-schemas/40-code.v1.0.1.schema.yaml",
    "type": "JsonSchema"
  },
  "credentialSubject": {
    "hash": {
      "value": "f06e854d370cd7e6f5a29055db996c0fef5fbcfb3a21e115bdccd6c04207c378"
    },
    "location": {
      "path": "file://../inferencing/Inference Test with GUI Interface.py",
      "type": "local"
    },
    "name": "Inference Test with GUI Interface.py",
    "sbom": {
      "hash": "rVCChE3ghDusO6RXpvHxhsndYyH00Gt1U80fSJVOTpIKQhspkj6OsV8UV55a4re9PfpoMB7QIJrSLD1KphsyAw==",
      "id": "urn:uuid:2103b23f-22e1-436f-b735-beda881a62ae"
    },
    "version": "4.0.0"
  }
}