{
  "@context": [
    "https://www.w3.org/ns/credentials/v2"
  ],
  "id": "urn:uuid:e7331e94-faac-457d-b842-322e064a42c6",
  "type": "VerifiableCredential",
  "name": null,
  "description": null,
  "issuer": "urn:uuid:57338930-b10c-43b6-8106-6c00cce3600d",
  "validFrom": "2024-12-18T17:22:33+00:00",
  "validUntil": null,
  "credentialStatus": null,
  "credentialSchema": {
    "id": "https://github.com/nqminds/Trusted-AI-BOM/blob/main/packages/schemas/src/taibom-schemas/20-data-pack.v1.0.1.schema.yaml",
    "type": "JsonSchema"
  },
  "credentialSubject": {
    "datasets": [
      {
        "hash": "u24U8GRf3VMZIkUJMiCfFqfMWHBwzdQ6WoOrrfBqaDev0nXYFsaGxZdOo3soTZJaQhTTB8tpRHxwF8udr99wCQ==",
        "id": "urn:uuid:447d1ddd-edf2-4ac8-b0c2-0a14a86541ad"
      },
      {
        "hash": "qHOiyvLzvVyvQ6UPGLQiEQ/Sl5ZyZEGpu8qerNWaEMZzeGg7oEridLASavaL75Trl5+3rNOPacxe2OC9OOgHBw==",
        "id": "urn:uuid:5f6dc5e9-002e-4ec9-80c4-cae7e1940c6c"
      },
      {
        "hash": "UsAZqI6KqdGHh8fbw+FlKxzZrpzjyKxVL76PCDA4bhyUcXeN1S2dJs+9M0SrB3TH9Nd0Bh/5OxJJrifWvKkbBg==",
        "id": "urn:uuid:7b88099f-f6f6-4dc4-b0e0-d201b89b5e74"
      },
      {
        "hash": "v0FDupwojqqGsg50VwqcSMlX3aOQ1QJ5FZfOFR+Nr4yrK8KAUKqdxeQfv56+9AGAc2sf03ZTE8IWKkppQtENAg==",
        "id": "urn:uuid:87af45cd-27a8-4815-9b26-1f0de5a43ced"
      },
      {
        "hash": "lKw5BER1wlLi0Mzq26RwGmldg6tfeVjupalKY8Sk97wF5tj6hmlXQHcyzwW3fNwZcxmzZI4hJoeiXosMlRheAw==",
        "id": "urn:uuid:dddce76c-a0a0-448b-a849-0a9b1999601b"
      }
    ],
    "name": "Road signs v4"
  }
}