{
  "@context": [
    "https://www.w3.org/ns/credentials/v2"
  ],
  "id": "urn:uuid:2103b23f-22e1-436f-b735-beda881a62ae",
  "type": "VerifiableCredential",
  "name": null,
  "description": null,
  "issuer": "urn:uuid:57338930-b10c-43b6-8106-6c00cce3600d",
  "validFrom": "2024-12-18T17:22:33+00:00",
  "validUntil": null,
  "credentialStatus": null,
  "credentialSchema": {
    "id": "https://github.com/nqminds/Trusted-AI-BOM/blob/main/packages/schemas/src/taibom-schemas/30-sbom.v1.0.0.schema.yaml",
    "type": "JsonSchema"
  },
  "credentialSubject": {
    "$schema": "http://cyclonedx.org/schema/bom-1.6.schema.json",
    "bomFormat": "CycloneDX",
    "components": [
      {
        "bom-ref": "pkg:pypi/absl-py@1.4.0?package-id=3c4eac422cc01617",
        "cpe": "cpe:2.3:a:python-absl-py:python-absl-py:1.4.0:*:*:*:*:*:*:*",
        "name": "absl-py",
        "properties": [
          {
            "name": "syft:package:foundBy",
            "value": "python-package-cataloger"
          },
          {
            "name": "syft:package:language",
            "value": "python"
          },
          {
            "name": "syft:package:type",
            "value": "python"
          },
          {
            "name": "syft:package:metadataType",
            "value": "python-pip-requirements-entry"
          },
          {
            "name": "syft:cpe23",
            "value": "cpe:2.3:a:python-absl-py:python_absl_py:1.4.0:*:*:*:*:*:*:*"
          },
          {
            "name": "syft:cpe23",
            "value": "cpe:2.3:a:python_absl_py:python-absl-py:1.4.0:*:*:*:*:*:*:*"
          },
          {
            "name": "syft:cpe23",
            "value": "cpe:2.3:a:python_absl_py:python_absl_py:1.4.0:*:*:*:*:*:*:*"
          },
          {
            "name": "syft:cpe23",
            "value": "cpe:2.3:a:python-absl:python-absl-py:1.4.0:*:*:*:*:*:*:*"
          },
          {
            "name": "syft:cpe23",
            "value": "cpe:2.3:a:python-absl:python_absl_py:1.4.0:*:*:*:*:*:*:*"
          },
          {
            "name": "syft:cpe23",
            "value": "cpe:2.3:a:python_absl:python-absl-py:1.4.0:*:*:*:*:*:*:*"
          },
          {
            "name": "syft:cpe23",
            "value": "cpe:2.3:a:python_absl:python_absl_py:1.4.0:*:*:*:*:*:*:*"
          },
          {
            "name": "syft:cpe23",
            "value": "cpe:2.3:a:absl-py:python-absl-py:1.4.0:*:*:*:*:*:*:*"
          },
          {
            "name": "syft:cpe23",
            "value": "cpe:2.3:a:absl-py:python_absl_py:1.4.0:*:*:*:*:*:*:*"
          },
          {
            "name": "syft:cpe23",
            "value": "cpe:2.3:a:absl_py:python-absl-py:1.4.0:*:*:*:*:*:*:*"
          },
          {
            "name": "syft:cpe23",
            "value": "cpe:2.3:a:absl_py:python_absl_py:1.4.0:*:*:*:*:*:*:*"
          },
          {
            "name": "syft:cpe23",
            "value": "cpe:2.3:a:python-absl-py:absl-py:1.4.0:*:*:*:*:*:*:*"
          },
          {
            "name": "syft:cpe23",
            "value": "cpe:2.3:a:python-absl-py:absl_py:1.4.0:*:*:*:*:*:*:*"
          },
          {
            "name": "syft:cpe23",
            "value": "cpe:2.3:a:python_absl_py:absl-py:1.4.0:*:*:*:*:*:*:*"
          },
          {
            "name": "syft:cpe23",
            "value": "cpe:2.3:a:python_absl_py:absl_py:1.4.0:*:*:*:*:*:*:*"
          },
          {
            "name": "syft:cpe23",
            "value": "cpe:2.3:a:python:python-absl-py:1.4.0:*:*:*:*:*:*:*"
          },
          {
            "name": "syft:cpe23",
            "value": "cpe:2.3:a:python:python_absl_py:1.4.0:*:*:*:*:*:*:*"
          },
          {
            "name": "syft:cpe23",
            "value": "cpe:2.3:a:absl:python-absl-py:1.4.0:*:*:*:*:*:*:*"
          },
          {
            "name": "syft:cpe23",
            "value": "cpe:2.3:a:absl:python_absl_py:1.4.0:*:*:*:*:*:*:*"
          },
          {
            "name": "syft:cpe23",
            "value": "cpe:2.3:a:python-absl:absl-py:1.4.0:*:*:*:*:*:*:*"
          },
          {
            "name": "syft:cpe23",
            "value": "cpe:2.3:a:python-absl:absl_py:1.4.0:*:*:*:*:*:*:*"
          },
          {
            "name": "syft:cpe23",
            "value": "cpe:2.3:a:python_absl:absl-py:1.4.0:*:*:*:*:*:*:*"
          },
          {
            "name": "syft:cpe23",
            "value": "cpe:2.3:a:python_absl:absl_py:1.4.0:*:*:*:*:*:*:*"
          },
          {
            "name": "syft:cpe23",
            "value": "cpe:2.3:a:absl-py:absl-py:1.4.0:*:*:*:*:*:*:*"
          },
          {
            "name": "syft:cpe23",
            "value": "cpe:2.3:a:absl-py:absl_py:1.4.0:*:*:*:*:*:*:*"
          },
          {
            "name": "syft:cpe23",
            "value": "cpe:2.3:a:absl_py:absl-py:1.4.0:*:*:*:*:*:*:*"
          },
          {
            "name": "syft:cpe23",
            "value": "cpe:2.3:a:absl_py:absl_py:1.4.0:*:*:*:*:*:*:*"
          },
          {
            "name": "syft:cpe23",
            "value": "cpe:2.3:a:python:absl-py:1.4.0:*:*:*:*:*:*:*"
          },
          {
            "name": "syft:cpe23",
            "value": "cpe:2.3:a:python:absl_py:1.4.0:*:*:*:*:*:*:*"
          },
          {
            "name": "syft:cpe23",
            "value": "cpe:2.3:a:absl:absl-py:1.4.0:*:*:*:*:*:*:*"
          },
          {
            "name": "syft:cpe23",
            "value": "cpe:2.3:a:absl:absl_py:1.4.0:*:*:*:*:*:*:*"
          },
          {
            "name": "syft:location:0:path",
            "value": "/Inference_Test_with_GUI_Interface_requirements.txt"
          }
        ],
        "purl": "pkg:pypi/absl-py@1.4.0",
        "type": "library",
        "version": "1.4.0"
      },
      {
        "bom-ref": "pkg:pypi/astunparse@1.6.3?package-id=df8db777808e7fac",
        "cpe": "cpe:2.3:a:python-astunparse:python-astunparse:1.6.3:*:*:*:*:*:*:*",
        "name": "astunparse",
        "properties": [
          {
            "name": "syft:package:foundBy",
            "value": "python-package-cataloger"
          },
          {
            "name": "syft:package:language",
            "value": "python"
          },
          {
            "name": "syft:package:type",
            "value": "python"
          },
          {
            "name": "syft:package:metadataType",
            "value": "python-pip-requirements-entry"
          },
          {
            "name": "syft:cpe23",
            "value": "cpe:2.3:a:python-astunparse:python_astunparse:1.6.3:*:*:*:*:*:*:*"
          },
          {
            "name": "syft:cpe23",
            "value": "cpe:2.3:a:python_astunparse:python-astunparse:1.6.3:*:*:*:*:*:*:*"
          },
          {
            "name": "syft:cpe23",
            "value": "cpe:2.3:a:python_astunparse:python_astunparse:1.6.3:*:*:*:*:*:*:*"
          },
          {
            "name": "syft:cpe23",
            "value": "cpe:2.3:a:astunparse:python-astunparse:1.6.3:*:*:*:*:*:*:*"
          },
          {
            "name": "syft:cpe23",
            "value": "cpe:2.3:a:astunparse:python_astunparse:1.6.3:*:*:*:*:*:*:*"
          },
          {
            "name": "syft:cpe23",
            "value": "cpe:2.3:a:python-astunparse:astunparse:1.6.3:*:*:*:*:*:*:*"
          },
          {
            "name": "syft:cpe23",
            "value": "cpe:2.3:a:python_astunparse:astunparse:1.6.3:*:*:*:*:*:*:*"
          },
          {
            "name": "syft:cpe23",
            "value": "cpe:2.3:a:python:python-astunparse:1.6.3:*:*:*:*:*:*:*"
          },
          {
            "name": "syft:cpe23",
            "value": "cpe:2.3:a:python:python_astunparse:1.6.3:*:*:*:*:*:*:*"
          },
          {
            "name": "syft:cpe23",
            "value": "cpe:2.3:a:astunparse:astunparse:1.6.3:*:*:*:*:*:*:*"
          },
          {
            "name": "syft:cpe23",
            "value": "cpe:2.3:a:python:astunparse:1.6.3:*:*:*:*:*:*:*"
          },
          {
            "name": "syft:location:0:path",
            "value": "/Inference_Test_with_GUI_Interface_requirements.txt"
          }
        ],
        "purl": "pkg:pypi/astunparse@1.6.3",
        "type": "library",
        "version": "1.6.3"
      },
      {
        "bom-ref": "pkg:pypi/certifi@2024.7.4?package-id=a3a4360b4cbb13d4",
        "cpe": "cpe:2.3:a:kennethreitz:certifi:2024.7.4:*:*:*:*:python:*:*",
        "name": "certifi",
        "properties": [
          {
            "name": "syft:package:foundBy",
            "value": "python-package-cataloger"
          },
          {
            "name": "syft:package:language",
            "value": "python"
          },
          {
            "name": "syft:package:type",
            "value": "python"
          },
          {
            "name": "syft:package:metadataType",
            "value": "python-pip-requirements-entry"
          },
          {
            "name": "syft:location:0:path",
            "value": "/Inference_Test_with_GUI_Interface_requirements.txt"
          }
        ],
        "purl": "pkg:pypi/certifi@2024.7.4",
        "type": "library",
        "version": "2024.7.4"
      },
      {
        "bom-ref": "pkg:pypi/charset-normalizer@3.3.2?package-id=5c26323949f08c9c",
        "cpe": "cpe:2.3:a:python-charset-normalizer:python-charset-normalizer:3.3.2:*:*:*:*:*:*:*",
        "name": "charset-normalizer",
        "properties": [
          {
            "name": "syft:package:foundBy",
            "value": "python-package-cataloger"
          },
          {
            "name": "syft:package:language",
            "value": "python"
          },
          {
            "name": "syft:package:type",
            "value": "python"
          },
          {
            "name": "syft:package:metadataType",
            "value": "python-pip-requirements-entry"
          },
          {
            "name": "syft:cpe23",
            "value": "cpe:2.3:a:python-charset-normalizer:python_charset_normalizer:3.3.2:*:*:*:*:*:*:*"
          },
          {
            "name": "syft:cpe23",
            "value": "cpe:2.3:a:python_charset_normalizer:python-charset-normalizer:3.3.2:*:*:*:*:*:*:*"
          },
          {
            "name": "syft:cpe23",
            "value": "cpe:2.3:a:python_charset_normalizer:python_charset_normalizer:3.3.2:*:*:*:*:*:*:*"
          },
          {
            "name": "syft:cpe23",
            "value": "cpe:2.3:a:charset-normalizer:python-charset-normalizer:3.3.2:*:*:*:*:*:*:*"
          },
          {
            "name": "syft:cpe23",
            "value": "cpe:2.3:a:charset-normalizer:python_charset_normalizer:3.3.2:*:*:*:*:*:*:*"
          },
          {
            "name": "syft:cpe23",
            "value": "cpe:2.3:a:charset_normalizer:python-charset-normalizer:3.3.2:*:*:*:*:*:*:*"
          },
          {
            "name": "syft:cpe23",
            "value": "cpe:2.3:a:charset_normalizer:python_charset_normalizer:3.3.2:*:*:*:*:*:*:*"
          },
          {
            "name": "syft:cpe23",
            "value": "cpe:2.3:a:python-charset-normalizer:charset-normalizer:3.3.2:*:*:*:*:*:*:*"
          },
          {
            "name": "syft:cpe23",
            "value": "cpe:2.3:a:python-charset-normalizer:charset_normalizer:3.3.2:*:*:*:*:*:*:*"
          },
          {
            "name": "syft:cpe23",
            "value": "cpe:2.3:a:python_charset_normalizer:charset-normalizer:3.3.2:*:*:*:*:*:*:*"
          },
          {
            "name": "syft:cpe23",
            "value": "cpe:2.3:a:python_charset_normalizer:charset_normalizer:3.3.2:*:*:*:*:*:*:*"
          },
          {
            "name": "syft:cpe23",
            "value": "cpe:2.3:a:python-charset:python-charset-normalizer:3.3.2:*:*:*:*:*:*:*"
          },
          {
            "name": "syft:cpe23",
            "value": "cpe:2.3:a:python-charset:python_charset_normalizer:3.3.2:*:*:*:*:*:*:*"
          },
          {
            "name": "syft:cpe23",
            "value": "cpe:2.3:a:python_charset:python-charset-normalizer:3.3.2:*:*:*:*:*:*:*"
          },
          {
            "name": "syft:cpe23",
            "value": "cpe:2.3:a:python_charset:python_charset_normalizer:3.3.2:*:*:*:*:*:*:*"
          },
          {
            "name": "syft:cpe23",
            "value": "cpe:2.3:a:charset-normalizer:charset-normalizer:3.3.2:*:*:*:*:*:*:*"
          },
          {
            "name": "syft:cpe23",
            "value": "cpe:2.3:a:charset-normalizer:charset_normalizer:3.3.2:*:*:*:*:*:*:*"
          },
          {
            "name": "syft:cpe23",
            "value": "cpe:2.3:a:charset_normalizer:charset-normalizer:3.3.2:*:*:*:*:*:*:*"
          },
          {
            "name": "syft:cpe23",
            "value": "cpe:2.3:a:charset_normalizer:charset_normalizer:3.3.2:*:*:*:*:*:*:*"
          },
          {
            "name": "syft:cpe23",
            "value": "cpe:2.3:a:charset:python-charset-normalizer:3.3.2:*:*:*:*:*:*:*"
          },
          {
            "name": "syft:cpe23",
            "value": "cpe:2.3:a:charset:python_charset_normalizer:3.3.2:*:*:*:*:*:*:*"
          },
          {
            "name": "syft:cpe23",
            "value": "cpe:2.3:a:python-charset:charset-normalizer:3.3.2:*:*:*:*:*:*:*"
          },
          {
            "name": "syft:cpe23",
            "value": "cpe:2.3:a:python-charset:charset_normalizer:3.3.2:*:*:*:*:*:*:*"
          },
          {
            "name": "syft:cpe23",
            "value": "cpe:2.3:a:python_charset:charset-normalizer:3.3.2:*:*:*:*:*:*:*"
          },
          {
            "name": "syft:cpe23",
            "value": "cpe:2.3:a:python_charset:charset_normalizer:3.3.2:*:*:*:*:*:*:*"
          },
          {
            "name": "syft:cpe23",
            "value": "cpe:2.3:a:python:python-charset-normalizer:3.3.2:*:*:*:*:*:*:*"
          },
          {
            "name": "syft:cpe23",
            "value": "cpe:2.3:a:python:python_charset_normalizer:3.3.2:*:*:*:*:*:*:*"
          },
          {
            "name": "syft:cpe23",
            "value": "cpe:2.3:a:charset:charset-normalizer:3.3.2:*:*:*:*:*:*:*"
          },
          {
            "name": "syft:cpe23",
            "value": "cpe:2.3:a:charset:charset_normalizer:3.3.2:*:*:*:*:*:*:*"
          },
          {
            "name": "syft:cpe23",
            "value": "cpe:2.3:a:python:charset-normalizer:3.3.2:*:*:*:*:*:*:*"
          },
          {
            "name": "syft:cpe23",
            "value": "cpe:2.3:a:python:charset_normalizer:3.3.2:*:*:*:*:*:*:*"
          },
          {
            "name": "syft:location:0:path",
            "value": "/Inference_Test_with_GUI_Interface_requirements.txt"
          }
        ],
        "purl": "pkg:pypi/charset-normalizer@3.3.2",
        "type": "library",
        "version": "3.3.2"
      },
      {
        "bom-ref": "pkg:pypi/flatbuffers@24.3.25?package-id=c15945a29ad78c28",
        "cpe": "cpe:2.3:a:python-flatbuffers:python-flatbuffers:24.3.25:*:*:*:*:*:*:*",
        "name": "flatbuffers",
        "properties": [
          {
            "name": "syft:package:foundBy",
            "value": "python-package-cataloger"
          },
          {
            "name": "syft:package:language",
            "value": "python"
          },
          {
            "name": "syft:package:type",
            "value": "python"
          },
          {
            "name": "syft:package:metadataType",
            "value": "python-pip-requirements-entry"
          },
          {
            "name": "syft:cpe23",
            "value": "cpe:2.3:a:python-flatbuffers:python_flatbuffers:24.3.25:*:*:*:*:*:*:*"
          },
          {
            "name": "syft:cpe23",
            "value": "cpe:2.3:a:python_flatbuffers:python-flatbuffers:24.3.25:*:*:*:*:*:*:*"
          },
          {
            "name": "syft:cpe23",
            "value": "cpe:2.3:a:python_flatbuffers:python_flatbuffers:24.3.25:*:*:*:*:*:*:*"
          },
          {
            "name": "syft:cpe23",
            "value": "cpe:2.3:a:flatbuffers:python-flatbuffers:24.3.25:*:*:*:*:*:*:*"
          },
          {
            "name": "syft:cpe23",
            "value": "cpe:2.3:a:flatbuffers:python_flatbuffers:24.3.25:*:*:*:*:*:*:*"
          },
          {
            "name": "syft:cpe23",
            "value": "cpe:2.3:a:python-flatbuffers:flatbuffers:24.3.25:*:*:*:*:*:*:*"
          },
          {
            "name": "syft:cpe23",
            "value": "cpe:2.3:a:python_flatbuffers:flatbuffers:24.3.25:*:*:*:*:*:*:*"
          },
          {
            "name": "syft:cpe23",
            "value": "cpe:2.3:a:python:python-flatbuffers:24.3.25:*:*:*:*:*:*:*"
          },
          {
            "name": "syft:cpe23",
            "value": "cpe:2.3:a:python:python_flatbuffers:24.3.25:*:*:*:*:*:*:*"
          },
          {
            "name": "syft:cpe23",
            "value": "cpe:2.3:a:flatbuffers:flatbuffers:24.3.25:*:*:*:*:*:*:*"
          },
          {
            "name": "syft:cpe23",
            "value": "cpe:2.3:a:python:flatbuffers:24.3.25:*:*:*:*:*:*:*"
          },
          {
            "name": "syft:location:0:path",
            "value": "/Inference_Test_with_GUI_Interface_requirements.txt"
          }
        ],
        "purl": "pkg:pypi/flatbuffers@24.3.25",
        "type": "library",
        "version": "24.3.25"
      },
      {
        "bom-ref": "pkg:pypi/gast@0.6.0?package-id=6e253be71286201b",
        "cpe": "cpe:2.3:a:python-gast:python-gast:0.6.0:*:*:*:*:*:*:*",
        "name": "gast",
        "properties": [
          {
            "name": "syft:package:foundBy",
            "value": "python-package-cataloger"
          },
          {
            "name": "syft:package:language",
            "value": "python"
          },
          {
            "name": "syft:package:type",
            "value": "python"
          },
          {
            "name": "syft:package:metadataType",
            "value": "python-pip-requirements-entry"
          },
          {
            "name": "syft:cpe23",
            "value": "cpe:2.3:a:python-gast:python_gast:0.6.0:*:*:*:*:*:*:*"
          },
          {
            "name": "syft:cpe23",
            "value": "cpe:2.3:a:python_gast:python-gast:0.6.0:*:*:*:*:*:*:*"
          },
          {
            "name": "syft:cpe23",
            "value": "cpe:2.3:a:python_gast:python_gast:0.6.0:*:*:*:*:*:*:*"
          },
          {
            "name": "syft:cpe23",
            "value": "cpe:2.3:a:python:python-gast:0.6.0:*:*:*:*:*:*:*"
          },
          {
            "name": "syft:cpe23",
            "value": "cpe:2.3:a:python:python_gast:0.6.0:*:*:*:*:*:*:*"
          },
          {
            "name": "syft:cpe23",
            "value": "cpe:2.3:a:gast:python-gast:0.6.0:*:*:*:*:*:*:*"
          },
          {
            "name": "syft:cpe23",
            "value": "cpe:2.3:a:gast:python_gast:0.6.0:*:*:*:*:*:*:*"
          },
          {
            "name": "syft:cpe23",
            "value": "cpe:2.3:a:python-gast:gast:0.6.0:*:*:*:*:*:*:*"
          },
          {
            "name": "syft:cpe23",
            "value": "cpe:2.3:a:python_gast:gast:0.6.0:*:*:*:*:*:*:*"
          },
          {
            "name": "syft:cpe23",
            "value": "cpe:2.3:a:python:gast:0.6.0:*:*:*:*:*:*:*"
          },
          {
            "name": "syft:cpe23",
            "value": "cpe:2.3:a:gast:gast:0.6.0:*:*:*:*:*:*:*"
          },
          {
            "name": "syft:location:0:path",
            "value": "/Inference_Test_with_GUI_Interface_requirements.txt"
          }
        ],
        "purl": "pkg:pypi/gast@0.6.0",
        "type": "library",
        "version": "0.6.0"
      },
      {
        "bom-ref": "pkg:pypi/google-pasta@0.2.0?package-id=27f945d74cc63708",
        "cpe": "cpe:2.3:a:python-google-pasta:python-google-pasta:0.2.0:*:*:*:*:*:*:*",
        "name": "google-pasta",
        "properties": [
          {
            "name": "syft:package:foundBy",
            "value": "python-package-cataloger"
          },
          {
            "name": "syft:package:language",
            "value": "python"
          },
          {
            "name": "syft:package:type",
            "value": "python"
          },
          {
            "name": "syft:package:metadataType",
            "value": "python-pip-requirements-entry"
          },
          {
            "name": "syft:cpe23",
            "value": "cpe:2.3:a:python-google-pasta:python_google_pasta:0.2.0:*:*:*:*:*:*:*"
          },
          {
            "name": "syft:cpe23",
            "value": "cpe:2.3:a:python_google_pasta:python-google-pasta:0.2.0:*:*:*:*:*:*:*"
          },
          {
            "name": "syft:cpe23",
            "value": "cpe:2.3:a:python_google_pasta:python_google_pasta:0.2.0:*:*:*:*:*:*:*"
          },
          {
            "name": "syft:cpe23",
            "value": "cpe:2.3:a:python-google:python-google-pasta:0.2.0:*:*:*:*:*:*:*"
          },
          {
            "name": "syft:cpe23",
            "value": "cpe:2.3:a:python-google:python_google_pasta:0.2.0:*:*:*:*:*:*:*"
          },
          {
            "name": "syft:cpe23",
            "value": "cpe:2.3:a:python_google:python-google-pasta:0.2.0:*:*:*:*:*:*:*"
          },
          {
            "name": "syft:cpe23",
            "value": "cpe:2.3:a:python_google:python_google_pasta:0.2.0:*:*:*:*:*:*:*"
          },
          {
            "name": "syft:cpe23",
            "value": "cpe:2.3:a:google-pasta:python-google-pasta:0.2.0:*:*:*:*:*:*:*"
          },
          {
            "name": "syft:cpe23",
            "value": "cpe:2.3:a:google-pasta:python_google_pasta:0.2.0:*:*:*:*:*:*:*"
          },
          {
            "name": "syft:cpe23",
            "value": "cpe:2.3:a:google_pasta:python-google-pasta:0.2.0:*:*:*:*:*:*:*"
          },
          {
            "name": "syft:cpe23",
            "value": "cpe:2.3:a:google_pasta:python_google_pasta:0.2.0:*:*:*:*:*:*:*"
          },
          {
            "name": "syft:cpe23",
            "value": "cpe:2.3:a:python-google-pasta:google-pasta:0.2.0:*:*:*:*:*:*:*"
          },
          {
            "name": "syft:cpe23",
            "value": "cpe:2.3:a:python-google-pasta:google_pasta:0.2.0:*:*:*:*:*:*:*"
          },
          {
            "name": "syft:cpe23",
            "value": "cpe:2.3:a:python_google_pasta:google-pasta:0.2.0:*:*:*:*:*:*:*"
          },
          {
            "name": "syft:cpe23",
            "value": "cpe:2.3:a:python_google_pasta:google_pasta:0.2.0:*:*:*:*:*:*:*"
          },
          {
            "name": "syft:cpe23",
            "value": "cpe:2.3:a:google:python-google-pasta:0.2.0:*:*:*:*:*:*:*"
          },
          {
            "name": "syft:cpe23",
            "value": "cpe:2.3:a:google:python_google_pasta:0.2.0:*:*:*:*:*:*:*"
          },
          {
            "name": "syft:cpe23",
            "value": "cpe:2.3:a:python-google:google-pasta:0.2.0:*:*:*:*:*:*:*"
          },
          {
            "name": "syft:cpe23",
            "value": "cpe:2.3:a:python-google:google_pasta:0.2.0:*:*:*:*:*:*:*"
          },
          {
            "name": "syft:cpe23",
            "value": "cpe:2.3:a:python:python-google-pasta:0.2.0:*:*:*:*:*:*:*"
          },
          {
            "name": "syft:cpe23",
            "value": "cpe:2.3:a:python:python_google_pasta:0.2.0:*:*:*:*:*:*:*"
          },
          {
            "name": "syft:cpe23",
            "value": "cpe:2.3:a:python_google:google-pasta:0.2.0:*:*:*:*:*:*:*"
          },
          {
            "name": "syft:cpe23",
            "value": "cpe:2.3:a:python_google:google_pasta:0.2.0:*:*:*:*:*:*:*"
          },
          {
            "name": "syft:cpe23",
            "value": "cpe:2.3:a:google-pasta:google-pasta:0.2.0:*:*:*:*:*:*:*"
          },
          {
            "name": "syft:cpe23",
            "value": "cpe:2.3:a:google-pasta:google_pasta:0.2.0:*:*:*:*:*:*:*"
          },
          {
            "name": "syft:cpe23",
            "value": "cpe:2.3:a:google_pasta:google-pasta:0.2.0:*:*:*:*:*:*:*"
          },
          {
            "name": "syft:cpe23",
            "value": "cpe:2.3:a:google_pasta:google_pasta:0.2.0:*:*:*:*:*:*:*"
          },
          {
            "name": "syft:cpe23",
            "value": "cpe:2.3:a:google:google-pasta:0.2.0:*:*:*:*:*:*:*"
          },
          {
            "name": "syft:cpe23",
            "value": "cpe:2.3:a:google:google_pasta:0.2.0:*:*:*:*:*:*:*"
          },
          {
            "name": "syft:cpe23",
            "value": "cpe:2.3:a:python:google-pasta:0.2.0:*:*:*:*:*:*:*"
          },
          {
            "name": "syft:cpe23",
            "value": "cpe:2.3:a:python:google_pasta:0.2.0:*:*:*:*:*:*:*"
          },
          {
            "name": "syft:location:0:path",
            "value": "/Inference_Test_with_GUI_Interface_requirements.txt"
          }
        ],
        "purl": "pkg:pypi/google-pasta@0.2.0",
        "type": "library",
        "version": "0.2.0"
      },
      {
        "bom-ref": "pkg:pypi/grpcio@1.64.1?package-id=76af1bef93d60353",
        "cpe": "cpe:2.3:a:python-grpcio:python-grpcio:1.64.1:*:*:*:*:*:*:*",
        "name": "grpcio",
        "properties": [
          {
            "name": "syft:package:foundBy",
            "value": "python-package-cataloger"
          },
          {
            "name": "syft:package:language",
            "value": "python"
          },
          {
            "name": "syft:package:type",
            "value": "python"
          },
          {
            "name": "syft:package:metadataType",
            "value": "python-pip-requirements-entry"
          },
          {
            "name": "syft:cpe23",
            "value": "cpe:2.3:a:python-grpcio:python_grpcio:1.64.1:*:*:*:*:*:*:*"
          },
          {
            "name": "syft:cpe23",
            "value": "cpe:2.3:a:python_grpcio:python-grpcio:1.64.1:*:*:*:*:*:*:*"
          },
          {
            "name": "syft:cpe23",
            "value": "cpe:2.3:a:python_grpcio:python_grpcio:1.64.1:*:*:*:*:*:*:*"
          },
          {
            "name": "syft:cpe23",
            "value": "cpe:2.3:a:grpcio:python-grpcio:1.64.1:*:*:*:*:*:*:*"
          },
          {
            "name": "syft:cpe23",
            "value": "cpe:2.3:a:grpcio:python_grpcio:1.64.1:*:*:*:*:*:*:*"
          },
          {
            "name": "syft:cpe23",
            "value": "cpe:2.3:a:python-grpcio:grpcio:1.64.1:*:*:*:*:*:*:*"
          },
          {
            "name": "syft:cpe23",
            "value": "cpe:2.3:a:python:python-grpcio:1.64.1:*:*:*:*:*:*:*"
          },
          {
            "name": "syft:cpe23",
            "value": "cpe:2.3:a:python:python_grpcio:1.64.1:*:*:*:*:*:*:*"
          },
          {
            "name": "syft:cpe23",
            "value": "cpe:2.3:a:python_grpcio:grpcio:1.64.1:*:*:*:*:*:*:*"
          },
          {
            "name": "syft:cpe23",
            "value": "cpe:2.3:a:grpcio:grpcio:1.64.1:*:*:*:*:*:*:*"
          },
          {
            "name": "syft:cpe23",
            "value": "cpe:2.3:a:python:grpcio:1.64.1:*:*:*:*:*:*:*"
          },
          {
            "name": "syft:location:0:path",
            "value": "/Inference_Test_with_GUI_Interface_requirements.txt"
          }
        ],
        "purl": "pkg:pypi/grpcio@1.64.1",
        "type": "library",
        "version": "1.64.1"
      },
      {
        "bom-ref": "pkg:pypi/h5py@3.11.0?package-id=a8e8e4114af055d3",
        "cpe": "cpe:2.3:a:python-h5py:python-h5py:3.11.0:*:*:*:*:*:*:*",
        "name": "h5py",
        "properties": [
          {
            "name": "syft:package:foundBy",
            "value": "python-package-cataloger"
          },
          {
            "name": "syft:package:language",
            "value": "python"
          },
          {
            "name": "syft:package:type",
            "value": "python"
          },
          {
            "name": "syft:package:metadataType",
            "value": "python-pip-requirements-entry"
          },
          {
            "name": "syft:cpe23",
            "value": "cpe:2.3:a:python-h5py:python_h5py:3.11.0:*:*:*:*:*:*:*"
          },
          {
            "name": "syft:cpe23",
            "value": "cpe:2.3:a:python_h5py:python-h5py:3.11.0:*:*:*:*:*:*:*"
          },
          {
            "name": "syft:cpe23",
            "value": "cpe:2.3:a:python_h5py:python_h5py:3.11.0:*:*:*:*:*:*:*"
          },
          {
            "name": "syft:cpe23",
            "value": "cpe:2.3:a:python:python-h5py:3.11.0:*:*:*:*:*:*:*"
          },
          {
            "name": "syft:cpe23",
            "value": "cpe:2.3:a:python:python_h5py:3.11.0:*:*:*:*:*:*:*"
          },
          {
            "name": "syft:cpe23",
            "value": "cpe:2.3:a:h5py:python-h5py:3.11.0:*:*:*:*:*:*:*"
          },
          {
            "name": "syft:cpe23",
            "value": "cpe:2.3:a:h5py:python_h5py:3.11.0:*:*:*:*:*:*:*"
          },
          {
            "name": "syft:cpe23",
            "value": "cpe:2.3:a:python-h5py:h5py:3.11.0:*:*:*:*:*:*:*"
          },
          {
            "name": "syft:cpe23",
            "value": "cpe:2.3:a:python_h5py:h5py:3.11.0:*:*:*:*:*:*:*"
          },
          {
            "name": "syft:cpe23",
            "value": "cpe:2.3:a:python:h5py:3.11.0:*:*:*:*:*:*:*"
          },
          {
            "name": "syft:cpe23",
            "value": "cpe:2.3:a:h5py:h5py:3.11.0:*:*:*:*:*:*:*"
          },
          {
            "name": "syft:location:0:path",
            "value": "/Inference_Test_with_GUI_Interface_requirements.txt"
          }
        ],
        "purl": "pkg:pypi/h5py@3.11.0",
        "type": "library",
        "version": "3.11.0"
      },
      {
        "bom-ref": "pkg:pypi/idna@3.7?package-id=c9d94ca60a24f513",
        "cpe": "cpe:2.3:a:python-idna:python-idna:3.7:*:*:*:*:*:*:*",
        "name": "idna",
        "properties": [
          {
            "name": "syft:package:foundBy",
            "value": "python-package-cataloger"
          },
          {
            "name": "syft:package:language",
            "value": "python"
          },
          {
            "name": "syft:package:type",
            "value": "python"
          },
          {
            "name": "syft:package:metadataType",
            "value": "python-pip-requirements-entry"
          },
          {
            "name": "syft:cpe23",
            "value": "cpe:2.3:a:python-idna:python_idna:3.7:*:*:*:*:*:*:*"
          },
          {
            "name": "syft:cpe23",
            "value": "cpe:2.3:a:python_idna:python-idna:3.7:*:*:*:*:*:*:*"
          },
          {
            "name": "syft:cpe23",
            "value": "cpe:2.3:a:python_idna:python_idna:3.7:*:*:*:*:*:*:*"
          },
          {
            "name": "syft:cpe23",
            "value": "cpe:2.3:a:python:python-idna:3.7:*:*:*:*:*:*:*"
          },
          {
            "name": "syft:cpe23",
            "value": "cpe:2.3:a:python:python_idna:3.7:*:*:*:*:*:*:*"
          },
          {
            "name": "syft:cpe23",
            "value": "cpe:2.3:a:idna:python-idna:3.7:*:*:*:*:*:*:*"
          },
          {
            "name": "syft:cpe23",
            "value": "cpe:2.3:a:idna:python_idna:3.7:*:*:*:*:*:*:*"
          },
          {
            "name": "syft:cpe23",
            "value": "cpe:2.3:a:python-idna:idna:3.7:*:*:*:*:*:*:*"
          },
          {
            "name": "syft:cpe23",
            "value": "cpe:2.3:a:python_idna:idna:3.7:*:*:*:*:*:*:*"
          },
          {
            "name": "syft:cpe23",
            "value": "cpe:2.3:a:python:idna:3.7:*:*:*:*:*:*:*"
          },
          {
            "name": "syft:cpe23",
            "value": "cpe:2.3:a:idna:idna:3.7:*:*:*:*:*:*:*"
          },
          {
            "name": "syft:location:0:path",
            "value": "/Inference_Test_with_GUI_Interface_requirements.txt"
          }
        ],
        "purl": "pkg:pypi/idna@3.7",
        "type": "library",
        "version": "3.7"
      },
      {
        "bom-ref": "pkg:pypi/libclang@18.1.1?package-id=b0f2bdad5c7b545a",
        "cpe": "cpe:2.3:a:python-libclang:python-libclang:18.1.1:*:*:*:*:*:*:*",
        "name": "libclang",
        "properties": [
          {
            "name": "syft:package:foundBy",
            "value": "python-package-cataloger"
          },
          {
            "name": "syft:package:language",
            "value": "python"
          },
          {
            "name": "syft:package:type",
            "value": "python"
          },
          {
            "name": "syft:package:metadataType",
            "value": "python-pip-requirements-entry"
          },
          {
            "name": "syft:cpe23",
            "value": "cpe:2.3:a:python-libclang:python_libclang:18.1.1:*:*:*:*:*:*:*"
          },
          {
            "name": "syft:cpe23",
            "value": "cpe:2.3:a:python_libclang:python-libclang:18.1.1:*:*:*:*:*:*:*"
          },
          {
            "name": "syft:cpe23",
            "value": "cpe:2.3:a:python_libclang:python_libclang:18.1.1:*:*:*:*:*:*:*"
          },
          {
            "name": "syft:cpe23",
            "value": "cpe:2.3:a:libclang:python-libclang:18.1.1:*:*:*:*:*:*:*"
          },
          {
            "name": "syft:cpe23",
            "value": "cpe:2.3:a:libclang:python_libclang:18.1.1:*:*:*:*:*:*:*"
          },
          {
            "name": "syft:cpe23",
            "value": "cpe:2.3:a:python-libclang:libclang:18.1.1:*:*:*:*:*:*:*"
          },
          {
            "name": "syft:cpe23",
            "value": "cpe:2.3:a:python_libclang:libclang:18.1.1:*:*:*:*:*:*:*"
          },
          {
            "name": "syft:cpe23",
            "value": "cpe:2.3:a:python:python-libclang:18.1.1:*:*:*:*:*:*:*"
          },
          {
            "name": "syft:cpe23",
            "value": "cpe:2.3:a:python:python_libclang:18.1.1:*:*:*:*:*:*:*"
          },
          {
            "name": "syft:cpe23",
            "value": "cpe:2.3:a:libclang:libclang:18.1.1:*:*:*:*:*:*:*"
          },
          {
            "name": "syft:cpe23",
            "value": "cpe:2.3:a:python:libclang:18.1.1:*:*:*:*:*:*:*"
          },
          {
            "name": "syft:location:0:path",
            "value": "/Inference_Test_with_GUI_Interface_requirements.txt"
          }
        ],
        "purl": "pkg:pypi/libclang@18.1.1",
        "type": "library",
        "version": "18.1.1"
      },
      {
        "bom-ref": "pkg:pypi/markdown@3.6?package-id=5228d75b5a74ad0d",
        "cpe": "cpe:2.3:a:python-markdown:python-markdown:3.6:*:*:*:*:*:*:*",
        "name": "markdown",
        "properties": [
          {
            "name": "syft:package:foundBy",
            "value": "python-package-cataloger"
          },
          {
            "name": "syft:package:language",
            "value": "python"
          },
          {
            "name": "syft:package:type",
            "value": "python"
          },
          {
            "name": "syft:package:metadataType",
            "value": "python-pip-requirements-entry"
          },
          {
            "name": "syft:cpe23",
            "value": "cpe:2.3:a:python-markdown:python_markdown:3.6:*:*:*:*:*:*:*"
          },
          {
            "name": "syft:cpe23",
            "value": "cpe:2.3:a:python_markdown:python-markdown:3.6:*:*:*:*:*:*:*"
          },
          {
            "name": "syft:cpe23",
            "value": "cpe:2.3:a:python_markdown:python_markdown:3.6:*:*:*:*:*:*:*"
          },
          {
            "name": "syft:cpe23",
            "value": "cpe:2.3:a:markdown:python-markdown:3.6:*:*:*:*:*:*:*"
          },
          {
            "name": "syft:cpe23",
            "value": "cpe:2.3:a:markdown:python_markdown:3.6:*:*:*:*:*:*:*"
          },
          {
            "name": "syft:cpe23",
            "value": "cpe:2.3:a:python-markdown:markdown:3.6:*:*:*:*:*:*:*"
          },
          {
            "name": "syft:cpe23",
            "value": "cpe:2.3:a:python_markdown:markdown:3.6:*:*:*:*:*:*:*"
          },
          {
            "name": "syft:cpe23",
            "value": "cpe:2.3:a:python:python-markdown:3.6:*:*:*:*:*:*:*"
          },
          {
            "name": "syft:cpe23",
            "value": "cpe:2.3:a:python:python_markdown:3.6:*:*:*:*:*:*:*"
          },
          {
            "name": "syft:cpe23",
            "value": "cpe:2.3:a:markdown:markdown:3.6:*:*:*:*:*:*:*"
          },
          {
            "name": "syft:cpe23",
            "value": "cpe:2.3:a:python:markdown:3.6:*:*:*:*:*:*:*"
          },
          {
            "name": "syft:location:0:path",
            "value": "/Inference_Test_with_GUI_Interface_requirements.txt"
          }
        ],
        "purl": "pkg:pypi/markdown@3.6",
        "type": "library",
        "version": "3.6"
      },
      {
        "bom-ref": "pkg:pypi/markdown-it-py@3.0.0?package-id=47152876c401ab70",
        "cpe": "cpe:2.3:a:python-markdown-it-py:python-markdown-it-py:3.0.0:*:*:*:*:*:*:*",
        "name": "markdown-it-py",
        "properties": [
          {
            "name": "syft:package:foundBy",
            "value": "python-package-cataloger"
          },
          {
            "name": "syft:package:language",
            "value": "python"
          },
          {
            "name": "syft:package:type",
            "value": "python"
          },
          {
            "name": "syft:package:metadataType",
            "value": "python-pip-requirements-entry"
          },
          {
            "name": "syft:cpe23",
            "value": "cpe:2.3:a:python-markdown-it-py:python_markdown_it_py:3.0.0:*:*:*:*:*:*:*"
          },
          {
            "name": "syft:cpe23",
            "value": "cpe:2.3:a:python_markdown_it_py:python-markdown-it-py:3.0.0:*:*:*:*:*:*:*"
          },
          {
            "name": "syft:cpe23",
            "value": "cpe:2.3:a:python_markdown_it_py:python_markdown_it_py:3.0.0:*:*:*:*:*:*:*"
          },
          {
            "name": "syft:cpe23",
            "value": "cpe:2.3:a:python-markdown-it:python-markdown-it-py:3.0.0:*:*:*:*:*:*:*"
          },
          {
            "name": "syft:cpe23",
            "value": "cpe:2.3:a:python-markdown-it:python_markdown_it_py:3.0.0:*:*:*:*:*:*:*"
          },
          {
            "name": "syft:cpe23",
            "value": "cpe:2.3:a:python_markdown_it:python-markdown-it-py:3.0.0:*:*:*:*:*:*:*"
          },
          {
            "name": "syft:cpe23",
            "value": "cpe:2.3:a:python_markdown_it:python_markdown_it_py:3.0.0:*:*:*:*:*:*:*"
          },
          {
            "name": "syft:cpe23",
            "value": "cpe:2.3:a:python-markdown:python-markdown-it-py:3.0.0:*:*:*:*:*:*:*"
          },
          {
            "name": "syft:cpe23",
            "value": "cpe:2.3:a:python-markdown:python_markdown_it_py:3.0.0:*:*:*:*:*:*:*"
          },
          {
            "name": "syft:cpe23",
            "value": "cpe:2.3:a:python_markdown:python-markdown-it-py:3.0.0:*:*:*:*:*:*:*"
          },
          {
            "name": "syft:cpe23",
            "value": "cpe:2.3:a:python_markdown:python_markdown_it_py:3.0.0:*:*:*:*:*:*:*"
          },
          {
            "name": "syft:cpe23",
            "value": "cpe:2.3:a:markdown-it-py:python-markdown-it-py:3.0.0:*:*:*:*:*:*:*"
          },
          {
            "name": "syft:cpe23",
            "value": "cpe:2.3:a:markdown-it-py:python_markdown_it_py:3.0.0:*:*:*:*:*:*:*"
          },
          {
            "name": "syft:cpe23",
            "value": "cpe:2.3:a:markdown_it_py:python-markdown-it-py:3.0.0:*:*:*:*:*:*:*"
          },
          {
            "name": "syft:cpe23",
            "value": "cpe:2.3:a:markdown_it_py:python_markdown_it_py:3.0.0:*:*:*:*:*:*:*"
          },
          {
            "name": "syft:cpe23",
            "value": "cpe:2.3:a:python-markdown-it-py:markdown-it-py:3.0.0:*:*:*:*:*:*:*"
          },
          {
            "name": "syft:cpe23",
            "value": "cpe:2.3:a:python-markdown-it-py:markdown_it_py:3.0.0:*:*:*:*:*:*:*"
          },
          {
            "name": "syft:cpe23",
            "value": "cpe:2.3:a:python_markdown_it_py:markdown-it-py:3.0.0:*:*:*:*:*:*:*"
          },
          {
            "name": "syft:cpe23",
            "value": "cpe:2.3:a:python_markdown_it_py:markdown_it_py:3.0.0:*:*:*:*:*:*:*"
          },
          {
            "name": "syft:cpe23",
            "value": "cpe:2.3:a:markdown-it:python-markdown-it-py:3.0.0:*:*:*:*:*:*:*"
          },
          {
            "name": "syft:cpe23",
            "value": "cpe:2.3:a:markdown-it:python_markdown_it_py:3.0.0:*:*:*:*:*:*:*"
          },
          {
            "name": "syft:cpe23",
            "value": "cpe:2.3:a:markdown_it:python-markdown-it-py:3.0.0:*:*:*:*:*:*:*"
          },
          {
            "name": "syft:cpe23",
            "value": "cpe:2.3:a:markdown_it:python_markdown_it_py:3.0.0:*:*:*:*:*:*:*"
          },
          {
            "name": "syft:cpe23",
            "value": "cpe:2.3:a:python-markdown-it:markdown-it-py:3.0.0:*:*:*:*:*:*:*"
          },
          {
            "name": "syft:cpe23",
            "value": "cpe:2.3:a:python-markdown-it:markdown_it_py:3.0.0:*:*:*:*:*:*:*"
          },
          {
            "name": "syft:cpe23",
            "value": "cpe:2.3:a:python_markdown_it:markdown-it-py:3.0.0:*:*:*:*:*:*:*"
          },
          {
            "name": "syft:cpe23",
            "value": "cpe:2.3:a:python_markdown_it:markdown_it_py:3.0.0:*:*:*:*:*:*:*"
          },
          {
            "name": "syft:cpe23",
            "value": "cpe:2.3:a:markdown:python-markdown-it-py:3.0.0:*:*:*:*:*:*:*"
          },
          {
            "name": "syft:cpe23",
            "value": "cpe:2.3:a:markdown:python_markdown_it_py:3.0.0:*:*:*:*:*:*:*"
          },
          {
            "name": "syft:cpe23",
            "value": "cpe:2.3:a:python-markdown:markdown-it-py:3.0.0:*:*:*:*:*:*:*"
          },
          {
            "name": "syft:cpe23",
            "value": "cpe:2.3:a:python-markdown:markdown_it_py:3.0.0:*:*:*:*:*:*:*"
          },
          {
            "name": "syft:cpe23",
            "value": "cpe:2.3:a:python_markdown:markdown-it-py:3.0.0:*:*:*:*:*:*:*"
          },
          {
            "name": "syft:cpe23",
            "value": "cpe:2.3:a:python_markdown:markdown_it_py:3.0.0:*:*:*:*:*:*:*"
          },
          {
            "name": "syft:cpe23",
            "value": "cpe:2.3:a:markdown-it-py:markdown-it-py:3.0.0:*:*:*:*:*:*:*"
          },
          {
            "name": "syft:cpe23",
            "value": "cpe:2.3:a:markdown-it-py:markdown_it_py:3.0.0:*:*:*:*:*:*:*"
          },
          {
            "name": "syft:cpe23",
            "value": "cpe:2.3:a:markdown_it_py:markdown-it-py:3.0.0:*:*:*:*:*:*:*"
          },
          {
            "name": "syft:cpe23",
            "value": "cpe:2.3:a:markdown_it_py:markdown_it_py:3.0.0:*:*:*:*:*:*:*"
          },
          {
            "name": "syft:cpe23",
            "value": "cpe:2.3:a:python:python-markdown-it-py:3.0.0:*:*:*:*:*:*:*"
          },
          {
            "name": "syft:cpe23",
            "value": "cpe:2.3:a:python:python_markdown_it_py:3.0.0:*:*:*:*:*:*:*"
          },
          {
            "name": "syft:cpe23",
            "value": "cpe:2.3:a:markdown-it:markdown-it-py:3.0.0:*:*:*:*:*:*:*"
          },
          {
            "name": "syft:cpe23",
            "value": "cpe:2.3:a:markdown-it:markdown_it_py:3.0.0:*:*:*:*:*:*:*"
          },
          {
            "name": "syft:cpe23",
            "value": "cpe:2.3:a:markdown_it:markdown-it-py:3.0.0:*:*:*:*:*:*:*"
          },
          {
            "name": "syft:cpe23",
            "value": "cpe:2.3:a:markdown_it:markdown_it_py:3.0.0:*:*:*:*:*:*:*"
          },
          {
            "name": "syft:cpe23",
            "value": "cpe:2.3:a:markdown:markdown-it-py:3.0.0:*:*:*:*:*:*:*"
          },
          {
            "name": "syft:cpe23",
            "value": "cpe:2.3:a:markdown:markdown_it_py:3.0.0:*:*:*:*:*:*:*"
          },
          {
            "name": "syft:cpe23",
            "value": "cpe:2.3:a:python:markdown-it-py:3.0.0:*:*:*:*:*:*:*"
          },
          {
            "name": "syft:cpe23",
            "value": "cpe:2.3:a:python:markdown_it_py:3.0.0:*:*:*:*:*:*:*"
          },
          {
            "name": "syft:location:0:path",
            "value": "/Inference_Test_with_GUI_Interface_requirements.txt"
          }
        ],
        "purl": "pkg:pypi/markdown-it-py@3.0.0",
        "type": "library",
        "version": "3.0.0"
      },
      {
        "bom-ref": "pkg:pypi/markupsafe@2.1.5?package-id=e6daaa13e744e073",
        "cpe": "cpe:2.3:a:python-markupsafe:python-markupsafe:2.1.5:*:*:*:*:*:*:*",
        "name": "markupsafe",
        "properties": [
          {
            "name": "syft:package:foundBy",
            "value": "python-package-cataloger"
          },
          {
            "name": "syft:package:language",
            "value": "python"
          },
          {
            "name": "syft:package:type",
            "value": "python"
          },
          {
            "name": "syft:package:metadataType",
            "value": "python-pip-requirements-entry"
          },
          {
            "name": "syft:cpe23",
            "value": "cpe:2.3:a:python-markupsafe:python_markupsafe:2.1.5:*:*:*:*:*:*:*"
          },
          {
            "name": "syft:cpe23",
            "value": "cpe:2.3:a:python_markupsafe:python-markupsafe:2.1.5:*:*:*:*:*:*:*"
          },
          {
            "name": "syft:cpe23",
            "value": "cpe:2.3:a:python_markupsafe:python_markupsafe:2.1.5:*:*:*:*:*:*:*"
          },
          {
            "name": "syft:cpe23",
            "value": "cpe:2.3:a:markupsafe:python-markupsafe:2.1.5:*:*:*:*:*:*:*"
          },
          {
            "name": "syft:cpe23",
            "value": "cpe:2.3:a:markupsafe:python_markupsafe:2.1.5:*:*:*:*:*:*:*"
          },
          {
            "name": "syft:cpe23",
            "value": "cpe:2.3:a:python-markupsafe:markupsafe:2.1.5:*:*:*:*:*:*:*"
          },
          {
            "name": "syft:cpe23",
            "value": "cpe:2.3:a:python_markupsafe:markupsafe:2.1.5:*:*:*:*:*:*:*"
          },
          {
            "name": "syft:cpe23",
            "value": "cpe:2.3:a:python:python-markupsafe:2.1.5:*:*:*:*:*:*:*"
          },
          {
            "name": "syft:cpe23",
            "value": "cpe:2.3:a:python:python_markupsafe:2.1.5:*:*:*:*:*:*:*"
          },
          {
            "name": "syft:cpe23",
            "value": "cpe:2.3:a:markupsafe:markupsafe:2.1.5:*:*:*:*:*:*:*"
          },
          {
            "name": "syft:cpe23",
            "value": "cpe:2.3:a:python:markupsafe:2.1.5:*:*:*:*:*:*:*"
          },
          {
            "name": "syft:location:0:path",
            "value": "/Inference_Test_with_GUI_Interface_requirements.txt"
          }
        ],
        "purl": "pkg:pypi/markupsafe@2.1.5",
        "type": "library",
        "version": "2.1.5"
      },
      {
        "bom-ref": "pkg:pypi/mdurl@0.1.2?package-id=8e5154963ad48245",
        "cpe": "cpe:2.3:a:python-mdurl:python-mdurl:0.1.2:*:*:*:*:*:*:*",
        "name": "mdurl",
        "properties": [
          {
            "name": "syft:package:foundBy",
            "value": "python-package-cataloger"
          },
          {
            "name": "syft:package:language",
            "value": "python"
          },
          {
            "name": "syft:package:type",
            "value": "python"
          },
          {
            "name": "syft:package:metadataType",
            "value": "python-pip-requirements-entry"
          },
          {
            "name": "syft:cpe23",
            "value": "cpe:2.3:a:python-mdurl:python_mdurl:0.1.2:*:*:*:*:*:*:*"
          },
          {
            "name": "syft:cpe23",
            "value": "cpe:2.3:a:python_mdurl:python-mdurl:0.1.2:*:*:*:*:*:*:*"
          },
          {
            "name": "syft:cpe23",
            "value": "cpe:2.3:a:python_mdurl:python_mdurl:0.1.2:*:*:*:*:*:*:*"
          },
          {
            "name": "syft:cpe23",
            "value": "cpe:2.3:a:python:python-mdurl:0.1.2:*:*:*:*:*:*:*"
          },
          {
            "name": "syft:cpe23",
            "value": "cpe:2.3:a:python:python_mdurl:0.1.2:*:*:*:*:*:*:*"
          },
          {
            "name": "syft:cpe23",
            "value": "cpe:2.3:a:mdurl:python-mdurl:0.1.2:*:*:*:*:*:*:*"
          },
          {
            "name": "syft:cpe23",
            "value": "cpe:2.3:a:mdurl:python_mdurl:0.1.2:*:*:*:*:*:*:*"
          },
          {
            "name": "syft:cpe23",
            "value": "cpe:2.3:a:python-mdurl:mdurl:0.1.2:*:*:*:*:*:*:*"
          },
          {
            "name": "syft:cpe23",
            "value": "cpe:2.3:a:python_mdurl:mdurl:0.1.2:*:*:*:*:*:*:*"
          },
          {
            "name": "syft:cpe23",
            "value": "cpe:2.3:a:python:mdurl:0.1.2:*:*:*:*:*:*:*"
          },
          {
            "name": "syft:cpe23",
            "value": "cpe:2.3:a:mdurl:mdurl:0.1.2:*:*:*:*:*:*:*"
          },
          {
            "name": "syft:location:0:path",
            "value": "/Inference_Test_with_GUI_Interface_requirements.txt"
          }
        ],
        "purl": "pkg:pypi/mdurl@0.1.2",
        "type": "library",
        "version": "0.1.2"
      },
      {
        "bom-ref": "pkg:pypi/ml-dtypes@0.4.0?package-id=876affd9f2c7dd82",
        "cpe": "cpe:2.3:a:python-ml-dtypes:python-ml-dtypes:0.4.0:*:*:*:*:*:*:*",
        "name": "ml-dtypes",
        "properties": [
          {
            "name": "syft:package:foundBy",
            "value": "python-package-cataloger"
          },
          {
            "name": "syft:package:language",
            "value": "python"
          },
          {
            "name": "syft:package:type",
            "value": "python"
          },
          {
            "name": "syft:package:metadataType",
            "value": "python-pip-requirements-entry"
          },
          {
            "name": "syft:cpe23",
            "value": "cpe:2.3:a:python-ml-dtypes:python_ml_dtypes:0.4.0:*:*:*:*:*:*:*"
          },
          {
            "name": "syft:cpe23",
            "value": "cpe:2.3:a:python_ml_dtypes:python-ml-dtypes:0.4.0:*:*:*:*:*:*:*"
          },
          {
            "name": "syft:cpe23",
            "value": "cpe:2.3:a:python_ml_dtypes:python_ml_dtypes:0.4.0:*:*:*:*:*:*:*"
          },
          {
            "name": "syft:cpe23",
            "value": "cpe:2.3:a:ml-dtypes:python-ml-dtypes:0.4.0:*:*:*:*:*:*:*"
          },
          {
            "name": "syft:cpe23",
            "value": "cpe:2.3:a:ml-dtypes:python_ml_dtypes:0.4.0:*:*:*:*:*:*:*"
          },
          {
            "name": "syft:cpe23",
            "value": "cpe:2.3:a:ml_dtypes:python-ml-dtypes:0.4.0:*:*:*:*:*:*:*"
          },
          {
            "name": "syft:cpe23",
            "value": "cpe:2.3:a:ml_dtypes:python_ml_dtypes:0.4.0:*:*:*:*:*:*:*"
          },
          {
            "name": "syft:cpe23",
            "value": "cpe:2.3:a:python-ml-dtypes:ml-dtypes:0.4.0:*:*:*:*:*:*:*"
          },
          {
            "name": "syft:cpe23",
            "value": "cpe:2.3:a:python-ml-dtypes:ml_dtypes:0.4.0:*:*:*:*:*:*:*"
          },
          {
            "name": "syft:cpe23",
            "value": "cpe:2.3:a:python-ml:python-ml-dtypes:0.4.0:*:*:*:*:*:*:*"
          },
          {
            "name": "syft:cpe23",
            "value": "cpe:2.3:a:python-ml:python_ml_dtypes:0.4.0:*:*:*:*:*:*:*"
          },
          {
            "name": "syft:cpe23",
            "value": "cpe:2.3:a:python_ml:python-ml-dtypes:0.4.0:*:*:*:*:*:*:*"
          },
          {
            "name": "syft:cpe23",
            "value": "cpe:2.3:a:python_ml:python_ml_dtypes:0.4.0:*:*:*:*:*:*:*"
          },
          {
            "name": "syft:cpe23",
            "value": "cpe:2.3:a:python_ml_dtypes:ml-dtypes:0.4.0:*:*:*:*:*:*:*"
          },
          {
            "name": "syft:cpe23",
            "value": "cpe:2.3:a:python_ml_dtypes:ml_dtypes:0.4.0:*:*:*:*:*:*:*"
          },
          {
            "name": "syft:cpe23",
            "value": "cpe:2.3:a:python:python-ml-dtypes:0.4.0:*:*:*:*:*:*:*"
          },
          {
            "name": "syft:cpe23",
            "value": "cpe:2.3:a:python:python_ml_dtypes:0.4.0:*:*:*:*:*:*:*"
          },
          {
            "name": "syft:cpe23",
            "value": "cpe:2.3:a:ml-dtypes:ml-dtypes:0.4.0:*:*:*:*:*:*:*"
          },
          {
            "name": "syft:cpe23",
            "value": "cpe:2.3:a:ml-dtypes:ml_dtypes:0.4.0:*:*:*:*:*:*:*"
          },
          {
            "name": "syft:cpe23",
            "value": "cpe:2.3:a:ml:python-ml-dtypes:0.4.0:*:*:*:*:*:*:*"
          },
          {
            "name": "syft:cpe23",
            "value": "cpe:2.3:a:ml:python_ml_dtypes:0.4.0:*:*:*:*:*:*:*"
          },
          {
            "name": "syft:cpe23",
            "value": "cpe:2.3:a:ml_dtypes:ml-dtypes:0.4.0:*:*:*:*:*:*:*"
          },
          {
            "name": "syft:cpe23",
            "value": "cpe:2.3:a:ml_dtypes:ml_dtypes:0.4.0:*:*:*:*:*:*:*"
          },
          {
            "name": "syft:cpe23",
            "value": "cpe:2.3:a:python-ml:ml-dtypes:0.4.0:*:*:*:*:*:*:*"
          },
          {
            "name": "syft:cpe23",
            "value": "cpe:2.3:a:python-ml:ml_dtypes:0.4.0:*:*:*:*:*:*:*"
          },
          {
            "name": "syft:cpe23",
            "value": "cpe:2.3:a:python_ml:ml-dtypes:0.4.0:*:*:*:*:*:*:*"
          },
          {
            "name": "syft:cpe23",
            "value": "cpe:2.3:a:python_ml:ml_dtypes:0.4.0:*:*:*:*:*:*:*"
          },
          {
            "name": "syft:cpe23",
            "value": "cpe:2.3:a:python:ml-dtypes:0.4.0:*:*:*:*:*:*:*"
          },
          {
            "name": "syft:cpe23",
            "value": "cpe:2.3:a:python:ml_dtypes:0.4.0:*:*:*:*:*:*:*"
          },
          {
            "name": "syft:cpe23",
            "value": "cpe:2.3:a:ml:ml-dtypes:0.4.0:*:*:*:*:*:*:*"
          },
          {
            "name": "syft:cpe23",
            "value": "cpe:2.3:a:ml:ml_dtypes:0.4.0:*:*:*:*:*:*:*"
          },
          {
            "name": "syft:location:0:path",
            "value": "/Inference_Test_with_GUI_Interface_requirements.txt"
          }
        ],
        "purl": "pkg:pypi/ml-dtypes@0.4.0",
        "type": "library",
        "version": "0.4.0"
      },
      {
        "bom-ref": "pkg:pypi/opt-einsum@3.3.0?package-id=263be424e609270f",
        "cpe": "cpe:2.3:a:python-opt-einsum:python-opt-einsum:3.3.0:*:*:*:*:*:*:*",
        "name": "opt-einsum",
        "properties": [
          {
            "name": "syft:package:foundBy",
            "value": "python-package-cataloger"
          },
          {
            "name": "syft:package:language",
            "value": "python"
          },
          {
            "name": "syft:package:type",
            "value": "python"
          },
          {
            "name": "syft:package:metadataType",
            "value": "python-pip-requirements-entry"
          },
          {
            "name": "syft:cpe23",
            "value": "cpe:2.3:a:python-opt-einsum:python_opt_einsum:3.3.0:*:*:*:*:*:*:*"
          },
          {
            "name": "syft:cpe23",
            "value": "cpe:2.3:a:python_opt_einsum:python-opt-einsum:3.3.0:*:*:*:*:*:*:*"
          },
          {
            "name": "syft:cpe23",
            "value": "cpe:2.3:a:python_opt_einsum:python_opt_einsum:3.3.0:*:*:*:*:*:*:*"
          },
          {
            "name": "syft:cpe23",
            "value": "cpe:2.3:a:opt-einsum:python-opt-einsum:3.3.0:*:*:*:*:*:*:*"
          },
          {
            "name": "syft:cpe23",
            "value": "cpe:2.3:a:opt-einsum:python_opt_einsum:3.3.0:*:*:*:*:*:*:*"
          },
          {
            "name": "syft:cpe23",
            "value": "cpe:2.3:a:opt_einsum:python-opt-einsum:3.3.0:*:*:*:*:*:*:*"
          },
          {
            "name": "syft:cpe23",
            "value": "cpe:2.3:a:opt_einsum:python_opt_einsum:3.3.0:*:*:*:*:*:*:*"
          },
          {
            "name": "syft:cpe23",
            "value": "cpe:2.3:a:python-opt-einsum:opt-einsum:3.3.0:*:*:*:*:*:*:*"
          },
          {
            "name": "syft:cpe23",
            "value": "cpe:2.3:a:python-opt-einsum:opt_einsum:3.3.0:*:*:*:*:*:*:*"
          },
          {
            "name": "syft:cpe23",
            "value": "cpe:2.3:a:python-opt:python-opt-einsum:3.3.0:*:*:*:*:*:*:*"
          },
          {
            "name": "syft:cpe23",
            "value": "cpe:2.3:a:python-opt:python_opt_einsum:3.3.0:*:*:*:*:*:*:*"
          },
          {
            "name": "syft:cpe23",
            "value": "cpe:2.3:a:python_opt:python-opt-einsum:3.3.0:*:*:*:*:*:*:*"
          },
          {
            "name": "syft:cpe23",
            "value": "cpe:2.3:a:python_opt:python_opt_einsum:3.3.0:*:*:*:*:*:*:*"
          },
          {
            "name": "syft:cpe23",
            "value": "cpe:2.3:a:python_opt_einsum:opt-einsum:3.3.0:*:*:*:*:*:*:*"
          },
          {
            "name": "syft:cpe23",
            "value": "cpe:2.3:a:python_opt_einsum:opt_einsum:3.3.0:*:*:*:*:*:*:*"
          },
          {
            "name": "syft:cpe23",
            "value": "cpe:2.3:a:python:python-opt-einsum:3.3.0:*:*:*:*:*:*:*"
          },
          {
            "name": "syft:cpe23",
            "value": "cpe:2.3:a:python:python_opt_einsum:3.3.0:*:*:*:*:*:*:*"
          },
          {
            "name": "syft:cpe23",
            "value": "cpe:2.3:a:opt-einsum:opt-einsum:3.3.0:*:*:*:*:*:*:*"
          },
          {
            "name": "syft:cpe23",
            "value": "cpe:2.3:a:opt-einsum:opt_einsum:3.3.0:*:*:*:*:*:*:*"
          },
          {
            "name": "syft:cpe23",
            "value": "cpe:2.3:a:opt:python-opt-einsum:3.3.0:*:*:*:*:*:*:*"
          },
          {
            "name": "syft:cpe23",
            "value": "cpe:2.3:a:opt:python_opt_einsum:3.3.0:*:*:*:*:*:*:*"
          },
          {
            "name": "syft:cpe23",
            "value": "cpe:2.3:a:opt_einsum:opt-einsum:3.3.0:*:*:*:*:*:*:*"
          },
          {
            "name": "syft:cpe23",
            "value": "cpe:2.3:a:opt_einsum:opt_einsum:3.3.0:*:*:*:*:*:*:*"
          },
          {
            "name": "syft:cpe23",
            "value": "cpe:2.3:a:python-opt:opt-einsum:3.3.0:*:*:*:*:*:*:*"
          },
          {
            "name": "syft:cpe23",
            "value": "cpe:2.3:a:python-opt:opt_einsum:3.3.0:*:*:*:*:*:*:*"
          },
          {
            "name": "syft:cpe23",
            "value": "cpe:2.3:a:python_opt:opt-einsum:3.3.0:*:*:*:*:*:*:*"
          },
          {
            "name": "syft:cpe23",
            "value": "cpe:2.3:a:python_opt:opt_einsum:3.3.0:*:*:*:*:*:*:*"
          },
          {
            "name": "syft:cpe23",
            "value": "cpe:2.3:a:python:opt-einsum:3.3.0:*:*:*:*:*:*:*"
          },
          {
            "name": "syft:cpe23",
            "value": "cpe:2.3:a:python:opt_einsum:3.3.0:*:*:*:*:*:*:*"
          },
          {
            "name": "syft:cpe23",
            "value": "cpe:2.3:a:opt:opt-einsum:3.3.0:*:*:*:*:*:*:*"
          },
          {
            "name": "syft:cpe23",
            "value": "cpe:2.3:a:opt:opt_einsum:3.3.0:*:*:*:*:*:*:*"
          },
          {
            "name": "syft:location:0:path",
            "value": "/Inference_Test_with_GUI_Interface_requirements.txt"
          }
        ],
        "purl": "pkg:pypi/opt-einsum@3.3.0",
        "type": "library",
        "version": "3.3.0"
      },
      {
        "bom-ref": "pkg:pypi/protobuf@3.20.3?package-id=fc24c4f133dbd6ab",
        "cpe": "cpe:2.3:a:google:protobuf-python:3.20.3:*:*:*:*:*:*:*",
        "name": "protobuf",
        "properties": [
          {
            "name": "syft:package:foundBy",
            "value": "python-package-cataloger"
          },
          {
            "name": "syft:package:language",
            "value": "python"
          },
          {
            "name": "syft:package:type",
            "value": "python"
          },
          {
            "name": "syft:package:metadataType",
            "value": "python-pip-requirements-entry"
          },
          {
            "name": "syft:location:0:path",
            "value": "/Inference_Test_with_GUI_Interface_requirements.txt"
          }
        ],
        "purl": "pkg:pypi/protobuf@3.20.3",
        "type": "library",
        "version": "3.20.3"
      },
      {
        "bom-ref": "pkg:pypi/pygments@2.16.1?package-id=fc05e97e7622c2f2",
        "cpe": "cpe:2.3:a:python-pygments:python-pygments:2.16.1:*:*:*:*:*:*:*",
        "name": "pygments",
        "properties": [
          {
            "name": "syft:package:foundBy",
            "value": "python-package-cataloger"
          },
          {
            "name": "syft:package:language",
            "value": "python"
          },
          {
            "name": "syft:package:type",
            "value": "python"
          },
          {
            "name": "syft:package:metadataType",
            "value": "python-pip-requirements-entry"
          },
          {
            "name": "syft:cpe23",
            "value": "cpe:2.3:a:python-pygments:python_pygments:2.16.1:*:*:*:*:*:*:*"
          },
          {
            "name": "syft:cpe23",
            "value": "cpe:2.3:a:python_pygments:python-pygments:2.16.1:*:*:*:*:*:*:*"
          },
          {
            "name": "syft:cpe23",
            "value": "cpe:2.3:a:python_pygments:python_pygments:2.16.1:*:*:*:*:*:*:*"
          },
          {
            "name": "syft:cpe23",
            "value": "cpe:2.3:a:pygments:python-pygments:2.16.1:*:*:*:*:*:*:*"
          },
          {
            "name": "syft:cpe23",
            "value": "cpe:2.3:a:pygments:python_pygments:2.16.1:*:*:*:*:*:*:*"
          },
          {
            "name": "syft:cpe23",
            "value": "cpe:2.3:a:python-pygments:pygments:2.16.1:*:*:*:*:*:*:*"
          },
          {
            "name": "syft:cpe23",
            "value": "cpe:2.3:a:python_pygments:pygments:2.16.1:*:*:*:*:*:*:*"
          },
          {
            "name": "syft:cpe23",
            "value": "cpe:2.3:a:python:python-pygments:2.16.1:*:*:*:*:*:*:*"
          },
          {
            "name": "syft:cpe23",
            "value": "cpe:2.3:a:python:python_pygments:2.16.1:*:*:*:*:*:*:*"
          },
          {
            "name": "syft:cpe23",
            "value": "cpe:2.3:a:pygments:pygments:2.16.1:*:*:*:*:*:*:*"
          },
          {
            "name": "syft:cpe23",
            "value": "cpe:2.3:a:python:pygments:2.16.1:*:*:*:*:*:*:*"
          },
          {
            "name": "syft:location:0:path",
            "value": "/Inference_Test_with_GUI_Interface_requirements.txt"
          }
        ],
        "purl": "pkg:pypi/pygments@2.16.1",
        "type": "library",
        "version": "2.16.1"
      },
      {
        "bom-ref": "pkg:pypi/werkzeug@3.0.6?package-id=88bf174d24fe7265",
        "cpe": "cpe:2.3:a:python-werkzeug:python-werkzeug:3.0.6:*:*:*:*:*:*:*",
        "name": "werkzeug",
        "properties": [
          {
            "name": "syft:package:foundBy",
            "value": "python-package-cataloger"
          },
          {
            "name": "syft:package:language",
            "value": "python"
          },
          {
            "name": "syft:package:type",
            "value": "python"
          },
          {
            "name": "syft:package:metadataType",
            "value": "python-pip-requirements-entry"
          },
          {
            "name": "syft:cpe23",
            "value": "cpe:2.3:a:python-werkzeug:python_werkzeug:3.0.6:*:*:*:*:*:*:*"
          },
          {
            "name": "syft:cpe23",
            "value": "cpe:2.3:a:python_werkzeug:python-werkzeug:3.0.6:*:*:*:*:*:*:*"
          },
          {
            "name": "syft:cpe23",
            "value": "cpe:2.3:a:python_werkzeug:python_werkzeug:3.0.6:*:*:*:*:*:*:*"
          },
          {
            "name": "syft:cpe23",
            "value": "cpe:2.3:a:python-werkzeug:werkzeug:3.0.6:*:*:*:*:*:*:*"
          },
          {
            "name": "syft:cpe23",
            "value": "cpe:2.3:a:python_werkzeug:werkzeug:3.0.6:*:*:*:*:*:*:*"
          },
          {
            "name": "syft:cpe23",
            "value": "cpe:2.3:a:werkzeug:python-werkzeug:3.0.6:*:*:*:*:*:*:*"
          },
          {
            "name": "syft:cpe23",
            "value": "cpe:2.3:a:werkzeug:python_werkzeug:3.0.6:*:*:*:*:*:*:*"
          },
          {
            "name": "syft:cpe23",
            "value": "cpe:2.3:a:python:python-werkzeug:3.0.6:*:*:*:*:*:*:*"
          },
          {
            "name": "syft:cpe23",
            "value": "cpe:2.3:a:python:python_werkzeug:3.0.6:*:*:*:*:*:*:*"
          },
          {
            "name": "syft:cpe23",
            "value": "cpe:2.3:a:werkzeug:werkzeug:3.0.6:*:*:*:*:*:*:*"
          },
          {
            "name": "syft:cpe23",
            "value": "cpe:2.3:a:python:werkzeug:3.0.6:*:*:*:*:*:*:*"
          },
          {
            "name": "syft:location:0:path",
            "value": "/Inference_Test_with_GUI_Interface_requirements.txt"
          }
        ],
        "purl": "pkg:pypi/werkzeug@3.0.6",
        "type": "library",
        "version": "3.0.6"
      }
    ],
    "metadata": {
      "component": {
        "bom-ref": "51f6561dc978bfb7",
        "name": "/project",
        "type": "file"
      },
      "timestamp": "2024-12-16T13:34:21Z",
      "tools": {
        "components": [
          {
            "author": "anchore",
            "name": "syft",
            "type": "application",
            "version": "1.14.1"
          }
        ]
      }
    },
    "serialNumber": "urn:uuid:941e10ba-9ed9-4db9-bdb5-79518524f3ba",
    "specVersion": "1.6",
    "version": 1
  }
}