{
  "@context": ["https://www.w3.org/ns/credentials/v2"],
  "credentialSchema": {
    "id": "https://github.com/nqminds/ClaimCascade/tree/main/packages/schemas/src/schema.json",
    "type": "JsonSchema"
  },
  "credentialSubject": {
    "$schema": "https://github.com/nqminds/ClaimCascade/tree/main/packages/schemas/src/schema.json",
    "$id": "https://github.com/nqminds/ClaimCascade/blob/main/packages/claim_cascade/src/policy_engine_bootstrap_claims/schemas/group_membership_schema.json",
    "title": "group_membership",
    "description": "A description of membership of an identity to a group",
    "type": "object",
    "properties": {
      "identifier": {
        "description": "identifier of the identity",
        "type": "string"
      },
      "group_name": {
        "description": "name of the group",
        "type": "string"
      }
    },
    "required": ["identifier", "group_name"]
  },
  "id": "urn:uuid:1a0b1b88-f2b8-4875-9796-bfbf3c19a3a9",
  "issuer": "https://nqminds.example.com/issuer/1",
  "type": ["VerifiableCredential", "UserCredential"],
  "validFrom": "2024-11-01T17:23:12.655286661+00:00"
}
