{
  "@context": [
    "https://www.w3.org/ns/credentials/v2"
  ],
  "id": "urn:uuid:636a8400-e758-4bba-aa03-0353dabcd075",
  "type": "VerifiableCredential",
  "name": null,
  "description": null,
  "issuer": "urn:uuid:8603fd28-cec1-4b01-ba60-388cc0ccb866",
  "validFrom": null,
  "validUntil": null,
  "credentialStatus": null,
  "credentialSchema": {
    "id": "https://github.com/nqminds/ClaimCascade/tree/main/packages/schemas/src/identity.json",
    "type": "JsonSchema"
  },
  "credentialSubject": {
    "identifier": "tony@example.com",
    "publicKey": "R1ha/Mv2vSZdlVO8co7uaOy0My9EVtFKVDACYPioV9g=",
    "type": "identity"
  }
}