{
  "@context": [
    "https://www.w3.org/ns/credentials/v2"
  ],
  "id": "urn:uuid:00000000-0000-0000-0000-00000000001",
  "type": [
    "VerifiableCredential",
    "UserCredential"
  ],
  "issuer": "https://nqminds.example.com/issuer/1",
  "validFrom": "2024-08-22T13:53:32.295644150+00:00",
  "credentialSchema": {
    "id": "https://github.com/nqminds/ClaimCascade/tree/main/packages/schemas/src/rule.json",
    "type": "JsonSchema"
  },
  "credentialSubject": {
    "type": "rule",
    "rule": [
        "datapack_containing_data_id(data_vc_id) :-",
        "db:get_taibom_data(data_vc_id, _, _, _, _, _, _),",
        "db:get_taibom_datapack(VcId, _Datasets, _),",
        "member(dataset(_, data_vc_id), _Datasets)"
    ]
  }
}