{
  "@context": [
    "https://www.w3.org/ns/credentials/v2"
  ],
  "id": "urn:uuid:00000000-0000-0000-0000-00000000002",
  "type": [
    "VerifiableCredential",
    "UserCredential"
  ],
  "issuer": "https://nqminds.example.com/issuer/1",
  "validFrom": "2024-08-22T13:53:32.295644150+00:00",
  "credentialSchema": {
    "id": "https://github.com/nqminds/ClaimCascade/tree/main/packages/schemas/src/rule.json",
    "type": "JsonSchema"
  },
  "credentialSubject": {
    "type": "rule",
    "rule": [
        "config_created_by_system_id(system_id) :-",
        "db:get_ai_system(system_id, _, _, \"Training\", _),",
        "db:get_trained_system_configs(VcId, _, data(_, datapack_vc_id), _, _)"
    ]
  }
}
