{
  "@context": [
    "https://www.w3.org/ns/credentials/v2"
  ],
  "id": "urn:uuid:4f5ff041-17f7-4de0-befa-990ecf6fcd9b",
  "type": "VerifiableCredential",
  "name": null,
  "description": null,
  "issuer": "did:volt:bed919ab-6081-40e7-9677-88d1cd37a0c0",
  "validFrom": "2024-12-18T17:22:33+00:00",
  "validUntil": null,
  "credentialStatus": null,
  "credentialSchema": {
    "id": "https://github.com/nqminds/ClaimCascade/tree/main/packages/schemas/src/schema.json",
    "type": "JsonSchema"
  },
  "credentialSubject": {
    "$id": "https://github.com/nqminds/Trusted-AI-BOM/blob/main/packages/schemas/src/taibom-schemas/60-attestation.v1.0.0.schema.yaml",
    "$schema": "https://json-schema.org/draft/2020-12/schema",
    "context": "## Introduction\n\nThe **Attestation Schema** is a JSON schema designed to define and standardise attestations made about components within an AI system. These attestations provide essential information about various claims, ranging from performance metrics to ethical reviews, supporting traceability and accountability within the Trusted AI BOM (TAIBOM) framework.\n\n### Description\nThis schema captures attestations with the following details:\n- **Component**: The component being attested to, identified by a unique ID and its associated hash.\n- **Attestation**: The claim made about the component, including its type, claimant, and supporting evidence.\n- **Hash**: A cryptographic hash to verify the integrity of the attestation.\n\n### Types of Attestations\nAttestations can take any form, such as:\n- **Bias Claims**: Ethical audits identifying biases in AI components.\n- **Performance Claims**: Testers documenting performance metrics.\n- **Best Practice Claims**: Statements affirming adherence to industry best practices.\n\n## Use Case\n\nThe **Attestation Schema** is used to:\n1. **Document Claims**: Provide a formal structure for recording attestations related to AI system components.\n2. **Support Accountability**: Ensure claims about AI components are transparent and traceable.\n3. **Enable Audits and Compliance**: Facilitate ethical and performance audits by linking components with attestations and evidence.\n\nBy employing this schema, organisations can ensure robust tracking and verification of claims made about AI system components, enhancing trust and accountability within AI ecosystems.\n",
    "description": "This schema defines a generic attestation to any component of an AI system.\n",
    "examples": [
      {
        "attestation": {
          "claimant": "AI Ethics Auditor Team",
          "date": "2024-11-28T00:00:00.000Z",
          "description": "The AI component's decision-making process was audited, and evidence of potential gender bias was identified.\n",
          "evidence": [
            {
              "checksum": "sha256:123456abcdef123456abcdef123456abcdef123456abcdef123456abcdef123456",
              "type": "report",
              "url": "https://example.com/audit-reports/223e4567"
            }
          ],
          "hash": "a1b2c3d4e5f6g7h8i9j0k1l2m3n4o5p6q7r8s9t0",
          "organisation": "Ethical AI Oversight Board",
          "type": "Bias Assessment"
        },
        "component": {
          "hash": "a1b2c3d4e5f6g7h8i9j0k1l2m3n4o5p6q7r8s9t0",
          "id": "urn:uuid:222e3337-e89b-12d3-a456-426614174004"
        }
      },
      {
        "attestation": {
          "claimant": "Jane Smith",
          "date": "2024-11-28T00:00:00.000Z",
          "description": "The component was tested for throughput and latency under load, achieving  performance targets outlined in the specifications.\n",
          "evidence": [
            {
              "checksum": "sha256:abcdefabcdefabcdefabcdefabcdefabcdefabcdefabcdefabcdefabcdefabcdef",
              "type": "log",
              "url": "https://example.com/performance-test-results/333e4567"
            },
            {
              "type": "video",
              "url": "https://example.com/videos/performance-demo.mp4"
            }
          ],
          "hash": "f9e8d7c6b5a4d3c2b1a0e9f8d7c6b5a4d3c2b1a0",
          "organisation": "AI Performance Testing Labs",
          "type": "Performance Evaluation"
        },
        "component": {
          "hash": "f9e8d7c6b5a4d3c2b1a0e9f8d7c6b5a4d3c2b1a0",
          "id": "urn:uuid:333e4447-e89b-12d3-a456-426614174006"
        }
      }
    ],
    "properties": {
      "attestation": {
        "description": "Attestation made about the component.",
        "required": [
          "type"
        ],
        "type": "object"
      },
      "component": {
        "description": "Component reference, including an ID and hash for the VC claim.",
        "properties": {
          "hash": {
            "description": "Cryptographic hash (e.g., SHA-256) for verifying the integrity of the VC claim.",
            "type": "string"
          },
          "id": {
            "description": "The component ID (unique identifier) of the VC claim.",
            "type": "string"
          }
        },
        "required": [
          "id",
          "hash"
        ],
        "type": "object"
      }
    },
    "required": [
      "component",
      "attestation"
    ],
    "title": "Attestations",
    "type": "object"
  }
}