{
  "@context": [
    "https://www.w3.org/ns/credentials/v2"
  ],
  "id": "urn:uuid:ea935c11-379d-4b65-b920-0066c4d2de75",
  "type": "VerifiableCredential",
  "name": null,
  "description": null,
  "issuer": "did:volt:bed919ab-6081-40e7-9677-88d1cd37a0c0",
  "validFrom": "2024-12-18T17:22:33+00:00",
  "validUntil": null,
  "credentialStatus": null,
  "credentialSchema": {
    "id": "https://github.com/nqminds/ClaimCascade/tree/main/packages/schemas/src/schema.json",
    "type": "JsonSchema"
  },
  "credentialSubject": {
    "$id": "https://github.com/nqminds/Trusted-AI-BOM/blob/main/packages/schemas/src/taibom-schemas/61-license-attestation.v1.0.0.schema.yaml",
    "$schema": "https://json-schema.org/draft/2020-12/schema",
    "context": "## Introduction\n\nThe **License Attestation Schema** is a JSON schema that extends the generic Attestation Schema to define license-related attestations. By removing extraneous fields, this schema focuses solely on the attestation type and license text, simplifying its use for licensing documentation.\n\n### Description\nThis schema includes:\n- **Type**: The attestation type, set to \"License\".\n- **License**: A free-text field for specifying the license information or text.\n\n## Use Case\n\nThe **License Attestation Schema** is used to:\n1. **Document Licensing Information**: Provide a minimalistic yet formal structure for recording license details.\n2. **Support Compliance**: Ensure straightforward documentation of licensing requirements for components.\n\nBy focusing only on essential fields, this schema simplifies license documentation while maintaining clarity and consistency.\n",
    "description": "This schema extends the Attestation Schema to define a specific attestation for licenses, \nretaining only the attestation type and license information.\n",
    "examples": [
      {
        "attestation": {
          "license": "This component is distributed under the Apache License, Version 2.0.\n",
          "type": "License"
        },
        "component": {
          "hash": "a1b2c3d4e5f6g7h8i9j0k1l2m3n4o5p6q7r8s9t0",
          "id": "urn:uuid:555e6667-e89b-12d3-a456-426614174008"
        }
      }
    ],
    "properties": {
      "attestation": {
        "properties": {
          "type": {
            "description": "Type of attestation, set to \"License\" for this schema.",
            "enum": [
              "License"
            ],
            "type": "string"
          }
        },
        "required": [
          "type"
        ],
        "type": "object"
      },
      "component": {
        "description": "Component reference, including an ID and hash for the VC claim.",
        "properties": {
          "hash": {
            "description": "Cryptographic hash (e.g., SHA-256) for verifying the integrity of the VC claim.",
            "type": "string"
          },
          "id": {
            "description": "The component ID (unique identifier) of the VC claim.",
            "type": "string"
          }
        },
        "required": [
          "id",
          "hash"
        ],
        "type": "object"
      }
    },
    "required": [
      "component",
      "attestation"
    ],
    "title": "License Attestation",
    "type": "object"
  }
}