{
  "@context": [
    "https://www.w3.org/ns/credentials/v2"
  ],
  "id": "urn:uuid:f6653dc7-d081-456a-b06c-03a39767c781",
  "type": [
    "VerifiableCredential",
    "UserCredential"
  ],
  "issuer": "https://nqminds.example.com/issuer/1",
  "validFrom": "2024-08-22T13:53:32.295644150+00:00",
  "credentialSchema": {
    "id": "https://github.com/nqminds/ClaimCascade/tree/main/packages/schemas/src/rule.json",
    "type": "JsonSchema"
  },
  "credentialSubject": {
    "type": "rule",
    "rule": "ai_systems_containing_data(DataId, AISystemName) :-\n    % Find the datapack containing the specific data item\n    db:get_taibom_data(DataVcId, _, _, _, _, _, _),\n    db:get_taibom_datapack(DatapackVcId, Datasets, _),\n    member(dataset(_, DataVcId), Datasets),\n    % Find the AI system linked to the datapack\n    get_ai_system(_, _, data(_, DatapackVcId), _, AISystemName)."
  }
}
